site_id,mean_temp,dew_point,max_temp,min_temp,sea_level_pressure,station_pressure,visibility,wind_speed,max_wind_speed,wind_gust,precipitation,snow_depth,fog,rain,snow,hail,thunder,tornado,date
471080-99999,29,23,36,22,1022,1022,7,4,9,24,0,1,0,0,0,0,0,0,1950-01-01
471080-99999,60,53,69,52,1014,1013,7,5,13,24,0,1,0,0,0,0,0,0,1951-01-01
471080-99999,53,45,62,45,1017,1015,7,6,13,24,0,1,0,0,0,0,0,0,1952-01-01
471080-99999,54,45,63,46,1017,1016,7,6,13,24,0,1,0,0,0,0,0,0,1953-01-01
471080-99999,54,44,63,46,1016,1014,7,5,11,24,0,1,0,0,0,0,0,0,1954-01-01
471080-99999,54,44,63,45,1015,1014,7,6,12,24,0,1,0,0,0,0,0,0,1955-01-01
471080-99999,51,42,61,43,1016,1015,7,5,12,24,0,1,0,0,0,0,0,0,1956-01-01
471080-99999,52,42,62,44,1016,1015,7,5,11,24,0,1,0,0,0,0,0,0,1957-01-01
471080-99999,54,45,64,45,1016,1015,7,5,11,24,0,1,0,0,0,0,0,0,1958-01-01
471080-99999,55,47,64,47,1016,1015,6,5,12,24,0,1,0,0,0,0,0,0,1959-01-01
471080-99999,55,46,64,46,1016,1015,6,5,12,24,0,1,0,0,0,0,0,0,1960-01-01
471080-99999,55,47,64,47,1016,1015,7,4,11,24,0,1,0,0,0,0,0,0,1961-01-01
471080-99999,53,45,63,46,1015,1014,7,5,11,24,0,1,0,0,0,0,0,0,1962-01-01
471080-99999,53,45,62,45,1016,1014,6,5,10,24,0,1,0,0,0,0,0,0,1963-01-01
471080-99999,55,47,63,47,1017,1015,6,4,9,24,0,1,0,0,0,0,0,0,1964-01-01
471080-99999,53,44,63,45,1016,1015,6,5,10,24,0,1,0,0,0,0,0,0,1965-01-01
471080-99999,52,43,60,44,1017,1015,6,5,10,24,0,1,0,0,0,0,0,0,1966-01-01
471080-99999,54,45,63,46,1017,1016,6,4,10,24,0,1,0,0,0,0,0,0,1967-01-01
471080-99999,54,45,64,45,1025,1015,5,5,13,24,0,1,0,0,0,0,0,0,1968-01-01
471080-99999,52,44,61,44,1021,1015,6,6,13,24,0,1,0,0,0,0,0,0,1969-01-01
471080-99999,56,47,66,48,1017,1014,6,6,13,24,0,1,0,0,0,0,0,0,1970-01-01
471080-99999,55,46,65,48,1017,1014,7,6,12,24,0,1,0,0,0,0,0,0,1971-01-01
471080-99999,55,45,64,47,1016,1014,8,6,11,24,0,1,0,0,0,0,0,0,1972-01-01
471080-99999,54,44,62,46,1016,1015,10,5,10,24,0,1,0,0,0,0,0,0,1973-01-01
471080-99999,52,42,61,44,1016,1014,10,5,9,24,0,1,0,0,0,0,0,0,1974-01-01
471080-99999,55,43,64,47,1016,1014,10,4,8,24,0,1,0,0,0,0,0,0,1975-01-01
471080-99999,53,41,62,45,1016,1014,10,5,9,24,0,1,0,0,0,0,0,0,1976-01-01
471080-99999,54,43,63,46,1017,1013,9,5,8,24,0,1,0,0,0,0,0,0,1977-01-01
471080-99999,54,43,63,47,1016,1013,9,5,9,24,0,1,0,0,0,0,0,0,1978-01-01
471080-99999,55,44,63,47,1016,1013,10,5,9,24,0,1,0,0,0,0,0,0,1979-01-01
471080-99999,52,40,60,43,1016,1012,9,5,10,24,0,11,0,0,0,0,0,0,1980-01-01
471080-99999,52,41,61,44,1016,1012,8,5,10,24,0,33,0,0,0,0,0,0,1981-01-01
471080-99999,55,42,63,46,1016,1012,6,5,9,24,0,40,0,0,0,0,0,0,1982-01-01
471080-99999,54,42,63,46,1016,1011,7,5,9,24,0,25,0,0,0,0,0,0,1983-01-01
471080-99999,53,41,62,45,1017,1011,7,5,9,24,0,8,0,0,0,0,0,0,1984-01-01
471080-99999,53,43,61,45,1017,1010,6,5,9,24,0,3,0,0,0,0,0,0,1985-01-01
471080-99999,52,42,60,44,1017,1010,7,5,9,24,0,3,0,0,0,0,0,0,1986-01-01
471080-99999,54,42,62,45,1017,1010,6,5,9,24,0,3,0,0,0,0,0,0,1987-01-01
471080-99999,54,40,62,45,1017,1009,8,5,10,24,0,3,0,0,0,0,0,0,1988-01-01
471080-99999,55,43,64,47,1017,1009,7,5,9,24,0,3,0,0,0,0,0,0,1989-01-01
471080-99999,55,45,63,47,1017,1009,6,5,8,24,0,2,0,0,0,0,0,0,1990-01-01
471080-99999,54,42,63,46,1017,1009,6,5,9,24,0,2,0,0,0,0,0,0,1991-01-01
471080-99999,54,43,63,47,1017,1006,7,4,8,24,0,2,0,0,0,0,0,0,1992-01-01
471080-99999,54,42,62,46,1017,1006,6,5,9,24,0,2,0,0,0,0,0,0,1993-01-01
471080-99999,57,43,65,48,1016,1006,7,5,9,24,0,2,0,0,0,0,0,0,1994-01-01
471080-99999,54,40,62,46,1016,1006,8,4,8,24,0,2,0,0,0,0,0,0,1995-01-01
471080-99999,54,39,62,46,1016,1006,8,4,8,24,0,2,0,0,0,0,0,0,1996-01-01
471080-99999,55,41,64,47,1016,1006,7,5,8,24,0,3,0,0,0,0,0,0,1997-01-01
471080-99999,57,44,65,49,1016,1006,7,4,8,24,0,7,0,0,0,0,0,0,1998-01-01
471080-99999,56,44,64,47,1016,1005,7,4,7,24,0,1,0,0,0,0,0,0,1999-01-01
471080-99999,55,42,63,47,1016,1006,7,5,8,24,0,3,0,0,0,0,0,0,2000-01-01
471100-99999,44,35,53,36,1021,1019,6,5,11,23,0,0,0,0,0,0,0,0,1950-01-01
471100-99999,62,55,71,54,1014,1012,7,6,13,23,0,0,0,0,0,0,0,0,1951-01-01
471100-99999,53,44,62,45,1017,1015,8,5,13,23,0,0,0,0,0,0,0,0,1952-01-01
471100-99999,53,44,62,45,1017,1015,7,5,12,23,0,0,0,0,0,0,0,0,1953-01-01
471100-99999,53,46,62,46,1016,1014,7,6,12,23,0,0,0,0,0,0,0,0,1954-01-01
471100-99999,53,44,63,45,1016,1014,7,6,12,23,0,0,0,0,0,0,0,0,1955-01-01
471100-99999,51,43,59,43,1017,1014,8,6,13,23,0,0,0,0,0,0,0,0,1956-01-01
471100-99999,51,45,60,43,1017,1015,8,5,12,23,0,0,0,0,0,0,0,0,1957-01-01
471100-99999,53,44,62,45,1017,1015,9,5,11,23,0,0,0,0,0,0,0,0,1958-01-01
471100-99999,54,46,63,46,1016,1014,8,5,11,23,0,0,0,0,0,0,0,0,1959-01-01
471100-99999,54,45,62,47,1017,1015,7,5,11,23,0,0,0,0,0,0,0,0,1960-01-01
471100-99999,54,46,63,47,1017,1014,8,5,11,23,0,0,0,0,0,0,0,0,1961-01-01
471100-99999,53,45,61,46,1017,1014,8,5,10,23,0,0,0,0,0,0,0,0,1962-01-01
471100-99999,52,44,60,45,1016,1014,8,5,10,23,0,0,0,0,0,0,0,0,1963-01-01
471100-99999,54,46,61,47,1017,1015,9,5,10,23,0,0,0,0,0,0,0,0,1964-01-01
471100-99999,52,43,60,45,1016,1014,9,6,12,23,0,0,0,0,0,0,0,0,1965-01-01
471100-99999,50,42,58,43,1016,1014,8,6,12,23,0,0,0,0,0,0,0,0,1966-01-01
471100-99999,52,44,60,45,1017,1014,8,6,11,23,0,0,0,0,0,0,0,0,1967-01-01
471100-99999,52,44,61,45,1025,1014,5,5,11,23,0,0,0,0,0,0,0,0,1968-01-01
471100-99999,51,44,59,45,1022,1021,6,6,11,23,0,0,0,0,0,0,0,0,1969-01-01
471100-99999,55,47,63,48,1019,1025,6,6,12,23,0,0,0,0,0,0,0,0,1970-01-01
471100-99999,54,43,61,47,1018,1014,6,5,10,23,0,0,0,0,0,0,0,0,1971-01-01
471100-99999,53,42,60,47,1015,1012,6,5,10,23,0,0,0,0,0,0,0,0,1972-01-01
471100-99999,53,46,60,46,1011,1006,6,4,10,31,0,0,0,0,0,0,0,0,1973-01-01
471100-99999,51,43,59,44,1011,1006,5,4,9,21,0,0,0,0,0,0,0,0,1974-01-01
471100-99999,54,44,62,47,1011,1006,6,4,9,31,0,0,0,0,0,0,0,0,1975-01-01
471100-99999,52,42,59,45,1011,1006,6,5,9,26,0,0,0,0,0,0,0,0,1976-01-01
471100-99999,54,44,61,46,1011,1006,5,4,9,24,0,0,0,0,0,0,0,0,1977-01-01
471100-99999,54,44,61,47,1011,1006,5,4,9,29,0,0,0,0,0,0,0,0,1978-01-01
471100-99999,54,45,61,47,1011,1006,5,4,9,26,0,0,0,0,0,0,0,0,1979-01-01
471100-99999,51,42,58,44,1011,1006,5,5,10,27,0,0,0,0,0,0,0,0,1980-01-01
471100-99999,52,43,59,44,1011,1006,5,5,11,25,0,0,0,0,0,0,0,0,1981-01-01
471100-99999,54,43,63,45,1011,1006,5,5,12,28,0,0,0,0,0,0,0,0,1982-01-01
471100-99999,53,42,62,46,1011,1006,5,6,13,26,0,0,0,0,0,0,0,0,1983-01-01
471100-99999,51,40,60,43,1011,1006,5,6,13,28,0,0,0,0,0,0,0,0,1984-01-01
471100-99999,51,41,59,43,1011,1006,5,6,13,32,0,0,0,0,0,0,0,0,1985-01-01
471100-99999,51,42,60,42,1011,1006,5,5,10,27,0,0,0,0,0,0,0,0,1986-01-01
471100-99999,52,43,61,43,1011,1006,5,6,12,30,0,0,0,0,0,0,0,0,1987-01-01
471100-99999,52,40,62,43,1011,1006,5,6,12,28,0,0,0,0,0,0,0,0,1988-01-01
471100-99999,54,44,63,45,1011,1006,5,5,11,29,0,0,0,0,0,0,0,0,1989-01-01
471100-99999,53,46,62,45,1011,1006,4,5,11,26,0,0,0,0,0,0,0,0,1990-01-01
471100-99999,52,43,62,43,1011,1006,5,4,10,26,0,0,0,0,0,0,0,0,1991-01-01
471100-99999,53,44,62,44,1011,1006,5,5,11,24,0,0,0,0,0,0,0,0,1992-01-01
471100-99999,52,44,61,43,1011,1006,5,5,10,26,0,0,0,0,0,0,0,0,1993-01-01
471100-99999,54,45,64,46,1011,1006,5,5,10,28,0,0,0,0,0,0,0,0,1994-01-01
471100-99999,52,43,61,43,1011,1006,4,5,11,29,0,0,0,0,0,0,0,0,1995-01-01
471100-99999,52,42,61,43,1011,1006,4,5,10,27,0,0,0,0,0,0,0,0,1996-01-01
471100-99999,53,44,62,44,1011,1006,4,5,10,32,0,0,0,0,0,0,0,0,1997-01-01
471100-99999,55,47,63,47,1011,1006,4,5,10,27,0,0,0,0,0,0,0,0,1998-01-01
471100-99999,54,44,63,45,1011,1006,4,6,11,21,0,1,0,0,0,0,0,0,1999-01-01
471100-99999,52,41,61,44,1011,1006,5,5,9,21,0,2,0,0,0,0,0,0,2000-01-01
471420-99999,40,30,50,31,1022,1018,6,4,11,25,0,1,0,0,0,0,0,0,1950-01-01
471420-99999,57,47,67,48,1016,1012,7,4,10,25,0,1,0,0,0,0,0,0,1951-01-01
471420-99999,56,46,66,47,1017,1012,7,4,11,25,0,1,0,0,0,0,0,0,1952-01-01
471420-99999,56,46,67,47,1017,1012,8,4,11,25,0,1,0,0,0,0,0,0,1953-01-01
471420-99999,56,47,66,48,1016,1011,8,4,11,25,0,1,0,0,0,0,0,0,1954-01-01
471420-99999,56,46,67,47,1015,1011,9,5,12,25,0,1,0,0,0,0,0,0,1955-01-01
471420-99999,54,45,64,45,1017,1013,9,4,11,25,0,1,0,0,0,0,0,0,1956-01-01
471420-99999,55,45,66,46,1017,1012,8,3,10,25,0,1,0,0,0,0,0,0,1957-01-01
471420-99999,56,46,67,47,1017,1013,7,4,11,25,0,1,0,0,0,0,0,0,1958-01-01
471420-99999,58,48,68,49,1017,1012,7,4,11,25,0,1,0,0,0,0,0,0,1959-01-01
471420-99999,57,46,68,48,1017,1013,7,4,11,25,0,1,0,0,0,0,0,0,1960-01-01
471420-99999,57,48,67,49,1017,1012,7,5,12,25,0,1,0,0,0,0,0,0,1961-01-01
471420-99999,56,45,67,46,1016,1012,7,4,11,25,0,1,0,0,0,0,0,0,1962-01-01
471420-99999,54,46,65,46,1016,1012,7,4,11,25,0,1,0,0,0,0,0,0,1963-01-01
471420-99999,57,49,67,48,1017,1013,7,4,10,25,0,1,0,0,0,0,0,0,1964-01-01
471420-99999,55,45,66,46,1016,1012,7,3,10,25,0,1,0,0,0,0,0,0,1965-01-01
471420-99999,54,44,64,45,1016,1012,7,3,9,25,0,1,0,0,0,0,0,0,1966-01-01
471420-99999,56,45,66,47,1016,1012,7,3,9,25,0,1,0,0,0,0,0,0,1967-01-01
471420-99999,56,45,67,47,1023,1011,6,4,10,25,0,1,0,0,0,0,0,0,1968-01-01
471420-99999,55,46,65,46,1019,1012,6,3,8,25,0,1,0,0,0,0,0,0,1969-01-01
471420-99999,58,43,68,50,1016,1010,6,5,11,25,0,1,0,0,0,0,0,0,1970-01-01
471420-99999,58,44,67,49,1016,1011,6,4,11,23,0,1,0,0,0,0,0,0,1971-01-01
471420-99999,57,45,67,49,1016,1012,6,4,11,22,0,1,0,0,0,0,0,0,1972-01-01
471420-99999,57,46,66,48,1016,1012,6,4,11,21,0,1,0,0,0,0,0,0,1973-01-01
471420-99999,54,44,64,45,1016,1012,6,4,10,19,0,1,0,0,0,0,0,0,1974-01-01
471420-99999,56,46,65,48,1016,1012,6,3,10,18,0,1,0,0,0,0,0,0,1975-01-01
471420-99999,56,45,65,47,1016,1012,6,4,10,19,0,1,0,0,0,0,0,0,1976-01-01
471420-99999,56,46,66,47,1017,1012,6,4,10,18,0,1,0,0,0,0,0,0,1977-01-01
471420-99999,57,45,68,48,1016,1012,6,3,10,17,0,2,0,0,0,0,0,0,1978-01-01
471420-99999,56,44,66,47,1016,1012,6,3,9,17,0,2,0,0,0,0,0,0,1979-01-01
471420-99999,54,42,63,46,1015,1012,5,4,10,17,0,2,0,0,0,0,0,0,1980-01-01
471420-99999,55,43,65,45,1017,1012,6,3,9,16,0,2,0,0,0,0,0,0,1981-01-01
471420-99999,56,45,67,47,1018,1012,6,3,9,17,0,4,0,0,0,0,0,0,1982-01-01
471420-99999,55,44,66,46,1017,1012,6,4,9,17,0,2,0,0,0,0,0,0,1983-01-01
471420-99999,55,44,65,46,1017,1012,6,3,8,16,0,4,0,0,0,0,0,0,1984-01-01
471420-99999,57,46,67,48,1016,1012,6,3,7,15,0,4,0,0,0,0,0,0,1985-01-01
471420-99999,55,45,65,47,1017,1012,5,3,6,14,0,4,0,0,0,0,0,0,1986-01-01
471420-99999,56,45,67,47,1017,1012,5,3,6,17,0,4,0,0,0,0,0,0,1987-01-01
471420-99999,56,43,67,46,1016,1012,6,4,8,17,0,4,0,0,0,0,0,0,1988-01-01
471420-99999,57,46,67,48,1017,1012,5,4,8,16,0,4,0,0,0,0,0,0,1989-01-01
471420-99999,58,48,68,49,1017,1012,5,3,7,17,0,3,0,0,0,0,0,0,1990-01-01
471420-99999,56,42,64,48,1015,1012,5,5,10,18,0,1,0,0,0,0,0,0,1991-01-01
471420-99999,55,41,64,47,1012,1012,5,5,10,18,0,1,0,0,0,0,0,0,1992-01-01
471420-99999,55,41,64,46,1008,1012,5,5,10,19,0,2,0,0,0,0,0,0,1993-01-01
471420-99999,58,42,69,48,1010,1012,6,6,12,27,0,1,0,0,0,0,0,0,1994-01-01
471420-99999,56,40,67,46,1012,1012,6,5,11,28,0,1,0,0,0,0,0,0,1995-01-01
471420-99999,56,43,66,46,1015,1012,6,5,11,25,0,1,0,0,0,0,0,0,1996-01-01
471420-99999,56,43,67,46,1017,1012,6,5,11,22,0,1,0,0,0,0,0,0,1997-01-01
471420-99999,59,46,68,51,1019,1012,6,5,10,22,0,1,0,0,0,0,0,0,1998-01-01
471420-99999,58,44,67,49,1021,1012,6,5,11,25,0,1,0,0,0,0,0,0,1999-01-01
471420-99999,57,40,66,50,1023,1012,6,6,12,24,0,3,0,0,0,0,0,0,2000-01-01
476710-99999,61,54,67,55,1014,1013,9,9,16,33,0,0,0,0,0,0,0,0,1950-01-01
476710-99999,60,52,66,53,1014,1013,8,9,16,33,0,0,0,0,0,0,0,0,1951-01-01
476710-99999,60,53,66,54,1014,1013,9,9,16,33,0,0,0,0,0,0,0,0,1952-01-01
476710-99999,60,52,66,54,1014,1014,8,8,15,33,0,0,0,0,0,0,0,0,1953-01-01
476710-99999,60,52,66,54,1014,1014,9,11,18,33,0,0,0,0,0,0,0,0,1954-01-01
476710-99999,62,53,69,56,1013,1012,9,10,18,33,0,0,0,0,0,0,0,0,1955-01-01
476710-99999,59,49,65,53,1014,1012,9,9,17,33,0,0,0,0,0,0,0,0,1956-01-01
476710-99999,59,49,65,54,1014,1012,8,10,18,33,0,0,0,0,0,0,0,0,1957-01-01
476710-99999,60,49,66,54,1015,1013,8,10,18,33,0,0,0,0,0,0,0,0,1958-01-01
476710-99999,61,51,66,55,1015,1014,8,9,17,33,0,0,0,0,0,0,0,0,1959-01-01
476710-99999,60,49,66,55,1015,1014,8,10,17,33,0,0,0,0,0,0,0,0,1960-01-01
476710-99999,61,50,67,55,1014,1013,8,10,17,33,0,0,0,0,0,0,0,0,1961-01-01
476710-99999,61,50,67,56,1014,1013,8,9,17,33,0,0,0,0,0,0,0,0,1962-01-01
476710-99999,62,51,67,56,1014,1012,8,9,16,33,0,0,0,0,0,0,0,0,1963-01-01
476710-99999,62,51,68,57,1014,1012,8,9,16,33,0,0,0,0,0,0,0,0,1964-01-01
476710-99999,62,52,68,57,1014,1011,7,9,16,33,0,0,0,0,0,0,0,0,1965-01-01
476710-99999,63,52,68,58,1013,1010,7,9,15,33,0,0,0,0,0,0,0,0,1966-01-01
476710-99999,63,53,69,58,1013,1010,7,9,15,33,0,0,0,0,0,0,0,0,1967-01-01
476710-99999,55,43,61,50,1014,1014,5,8,15,33,0,0,0,0,0,0,0,0,1968-01-01
476710-99999,62,50,67,56,1014,1012,4,9,16,33,0,0,0,0,0,0,0,0,1969-01-01
476710-99999,59,47,66,54,1014,1001,5,9,15,33,0,0,0,0,0,0,0,0,1970-01-01
476710-99999,60,47,66,54,1014,1015,5,9,16,33,0,0,0,0,0,0,0,0,1971-01-01
476710-99999,61,50,67,55,1014,1015,5,10,16,33,0,0,0,0,0,0,0,0,1972-01-01
476710-99999,60,48,67,54,1014,1016,5,9,16,30,0,0,0,0,0,0,0,0,1973-01-01
476710-99999,59,48,65,54,1014,1016,5,9,16,32,0,0,0,0,0,0,0,0,1974-01-01
476710-99999,59,49,66,54,1014,1016,6,9,16,30,0,0,0,0,0,0,0,0,1975-01-01
476710-99999,59,48,65,53,1014,1016,6,9,16,30,0,0,0,0,0,0,0,0,1976-01-01
476710-99999,60,49,66,54,1014,1016,6,9,16,30,0,0,0,0,0,0,0,0,1977-01-01
476710-99999,60,49,67,54,1014,1016,6,9,16,30,0,0,0,0,0,0,0,0,1978-01-01
476710-99999,62,51,68,56,1014,1016,6,9,16,33,0,0,0,0,0,0,0,0,1979-01-01
476710-99999,59,48,65,53,1014,1016,5,9,16,31,0,0,0,0,0,0,0,0,1980-01-01
476710-99999,59,47,65,53,1014,1016,5,9,16,33,0,0,0,0,0,0,0,0,1981-01-01
476710-99999,60,49,67,54,1014,1016,5,9,16,32,0,0,0,0,0,0,0,0,1982-01-01
476710-99999,60,49,67,54,1014,1016,5,9,16,31,0,0,0,0,0,0,0,0,1983-01-01
476710-99999,58,47,65,53,1014,1016,5,9,16,30,0,0,0,0,0,0,0,0,1984-01-01
476710-99999,60,49,66,54,1014,1016,5,9,16,31,0,0,0,0,0,0,0,0,1985-01-01
476710-99999,59,47,66,53,1014,1016,5,9,16,31,0,0,0,0,0,0,0,0,1986-01-01
476710-99999,61,50,68,55,1014,1016,5,10,17,32,0,0,0,0,0,0,0,0,1987-01-01
476710-99999,59,46,66,53,1014,1016,5,9,16,30,0,0,0,0,0,0,0,0,1988-01-01
476710-99999,61,50,67,55,1014,1016,5,10,17,30,0,0,0,0,0,0,0,0,1989-01-01
476710-99999,62,51,69,57,1014,1016,5,10,17,33,0,0,0,0,0,0,0,0,1990-01-01
476710-99999,61,50,67,56,1014,1016,5,9,16,32,0,0,0,0,0,0,0,0,1991-01-01
476710-99999,61,50,67,55,1014,1016,5,9,16,32,0,0,0,0,0,0,0,0,1992-01-01
476710-99999,60,49,66,54,1014,1016,5,9,16,32,0,0,0,0,0,0,0,0,1993-01-01
476710-99999,62,50,69,57,1014,1016,5,9,15,29,0,0,0,0,0,0,0,0,1994-01-01
476710-99999,61,48,68,56,1014,1016,6,9,16,32,0,0,0,0,0,0,0,0,1995-01-01
476710-99999,60,48,66,55,1014,1016,6,9,16,34,0,0,0,0,0,0,0,0,1996-01-01
476710-99999,62,49,68,56,1014,1016,6,10,17,32,0,0,0,0,0,0,0,0,1997-01-01
476710-99999,62,52,68,57,1014,1016,6,10,17,33,0,0,0,0,0,0,0,0,1998-01-01
476710-99999,63,51,68,58,1014,1016,6,11,17,32,0,1,0,0,0,0,0,0,1999-01-01
476710-99999,61,49,67,57,1014,1016,6,10,17,30,0,2,0,0,0,0,0,0,2000-01-01
478080-99999,61,53,69,54,1014,1014,8,5,12,30,0,4,0,0,0,0,0,0,1950-01-01
478080-99999,60,53,68,52,1015,1014,7,5,12,30,0,4,0,0,0,0,0,0,1951-01-01
478080-99999,60,54,68,53,1015,1014,8,6,13,30,0,4,0,0,0,0,0,0,1952-01-01
478080-99999,61,54,69,54,1016,1015,8,5,13,30,0,4,0,0,0,0,0,0,1953-01-01
478080-99999,61,55,69,54,1014,1013,8,5,13,30,0,4,0,0,0,0,0,0,1954-01-01
478080-99999,61,54,69,54,1015,1014,8,6,12,30,0,4,0,0,0,0,0,0,1955-01-01
478080-99999,60,53,68,53,1016,1015,8,5,12,30,0,4,0,0,0,0,0,0,1956-01-01
478080-99999,59,53,67,53,1015,1014,8,5,11,30,0,4,0,0,0,0,0,0,1957-01-01
478080-99999,61,54,69,54,1016,1014,7,5,11,30,0,4,0,0,0,0,0,0,1958-01-01
478080-99999,63,53,71,56,1015,1014,7,5,12,30,0,4,0,0,0,0,0,0,1959-01-01
478080-99999,61,52,69,54,1015,1014,7,5,11,30,0,4,0,0,0,0,0,0,1960-01-01
478080-99999,61,52,69,55,1015,1014,7,6,12,30,0,4,0,0,0,0,0,0,1961-01-01
478080-99999,60,51,67,53,1015,1013,8,6,12,30,0,4,0,0,0,0,0,0,1962-01-01
478080-99999,59,52,66,53,1015,1013,8,6,13,30,0,4,0,0,0,0,0,0,1963-01-01
478080-99999,62,53,69,55,1016,1015,9,5,12,30,0,4,0,0,0,0,0,0,1964-01-01
478080-99999,59,49,67,52,1015,1014,9,5,12,30,0,4,0,0,0,0,0,0,1965-01-01
478080-99999,61,51,68,54,1014,1013,9,5,12,30,0,4,0,0,0,0,0,0,1966-01-01
478080-99999,60,51,68,53,1015,1014,9,5,11,30,0,4,0,0,0,0,0,0,1967-01-01
478080-99999,60,50,68,53,1015,1013,7,5,11,30,0,4,0,0,0,0,0,0,1968-01-01
478080-99999,61,49,69,54,1014,1014,6,5,11,30,0,4,0,0,0,0,0,0,1969-01-01
478080-99999,61,49,69,54,1013,1014,6,5,11,30,0,4,0,0,0,0,0,0,1970-01-01
478080-99999,61,51,70,55,1015,1014,6,5,11,30,0,4,0,0,0,0,0,0,1971-01-01
478080-99999,61,51,69,54,1017,1016,6,5,12,28,0,4,0,0,0,0,0,0,1972-01-01
478080-99999,61,51,68,54,1020,1019,6,6,12,26,0,4,0,0,0,0,0,0,1973-01-01
478080-99999,60,51,67,53,1020,1019,6,5,12,28,0,4,0,0,0,0,0,0,1974-01-01
478080-99999,61,53,69,55,1020,1019,6,6,12,26,0,4,0,0,0,0,0,0,1975-01-01
478080-99999,59,51,67,52,1020,1019,6,5,12,29,0,4,0,0,0,0,0,0,1976-01-01
478080-99999,61,52,68,54,1020,1019,6,5,12,26,0,4,0,0,0,0,0,0,1977-01-01
478080-99999,62,52,70,55,1020,1019,6,6,13,28,0,4,0,0,0,0,0,0,1978-01-01
478080-99999,62,52,70,55,1020,1019,6,6,13,27,0,4,0,0,0,0,0,0,1979-01-01
478080-99999,60,50,67,54,1020,1019,6,6,14,28,0,4,0,0,0,0,0,0,1980-01-01
478080-99999,61,50,68,54,1020,1019,6,6,14,27,0,4,0,0,0,0,0,0,1981-01-01
478080-99999,61,51,69,54,1020,1019,6,6,13,27,0,4,0,0,0,0,0,0,1982-01-01
478080-99999,61,51,69,54,1020,1019,6,7,13,27,0,4,0,0,0,0,0,0,1983-01-01
478080-99999,60,49,68,54,1020,1019,6,6,13,25,0,4,0,0,0,0,0,0,1984-01-01
478080-99999,61,51,68,54,1020,1019,6,7,14,29,0,4,0,0,0,0,0,0,1985-01-01
478080-99999,60,50,68,54,1020,1019,6,6,13,26,0,4,0,0,0,0,0,0,1986-01-01
478080-99999,62,52,69,55,1020,1019,6,6,13,28,0,4,0,0,0,0,0,0,1987-01-01
478080-99999,61,51,68,54,1020,1019,6,6,13,25,0,4,0,0,0,0,0,0,1988-01-01
478080-99999,62,52,70,56,1020,1019,6,6,13,26,0,4,0,0,0,0,0,0,1989-01-01
478080-99999,63,52,70,57,1020,1019,6,6,13,26,0,4,0,0,0,0,0,0,1990-01-01
478080-99999,62,51,68,56,1020,1019,6,6,13,25,0,4,0,0,0,0,0,0,1991-01-01
478080-99999,62,51,69,55,1020,1019,6,6,13,25,0,4,0,0,0,0,0,0,1992-01-01
478080-99999,61,51,67,55,1020,1019,6,7,13,29,0,4,0,0,0,0,0,0,1993-01-01
478080-99999,63,52,70,57,1020,1019,7,7,13,28,0,4,0,0,0,0,0,0,1994-01-01
478080-99999,61,50,68,55,1020,1019,7,7,13,26,0,4,0,0,0,0,0,0,1995-01-01
478080-99999,62,51,68,55,1020,1019,7,7,13,25,0,4,0,0,0,0,0,0,1996-01-01
478080-99999,63,52,69,56,1020,1019,6,7,13,26,0,4,0,0,0,0,0,0,1997-01-01
478080-99999,64,54,71,58,1020,1019,6,7,13,26,0,4,0,0,0,0,0,0,1998-01-01
478080-99999,63,52,69,57,1020,1019,7,7,13,26,0,3,0,0,0,0,0,0,1999-01-01
478080-99999,63,51,69,57,1020,1019,7,8,13,26,0,2,0,0,0,0,0,0,2000-01-01
479300-99999,73,67,78,69,1013,1012,13,11,18,26,0,3,0,0,0,0,0,0,1950-01-01
479300-99999,73,68,78,69,1015,1014,12,11,19,26,0,3,0,0,0,0,0,0,1951-01-01
479300-99999,75,69,79,71,1014,1013,12,11,18,26,0,3,0,0,0,0,0,0,1952-01-01
479300-99999,64,56,69,60,1020,1020,12,14,21,26,0,3,0,0,0,0,0,0,1953-01-01
479300-99999,76,70,81,72,1012,1011,11,10,16,26,0,3,0,0,0,0,0,0,1954-01-01
479300-99999,74,67,79,69,1014,1013,12,9,16,26,0,3,0,0,0,0,0,0,1955-01-01
479300-99999,73,66,78,70,1014,1013,10,10,16,26,0,3,0,0,0,0,0,0,1956-01-01
479300-99999,73,66,78,69,1014,1013,10,9,16,26,0,3,0,0,0,0,0,0,1957-01-01
479300-99999,73,66,78,70,1014,1014,10,10,16,26,0,3,0,0,0,0,0,0,1958-01-01
479300-99999,74,66,79,71,1013,1013,9,10,16,26,0,3,0,0,0,0,0,0,1959-01-01
479300-99999,74,65,78,70,1013,1013,9,10,16,26,0,3,0,0,0,0,0,0,1960-01-01
479300-99999,74,65,78,70,1014,1013,13,10,16,26,0,3,0,0,0,0,0,0,1961-01-01
479300-99999,73,64,77,69,1014,1014,12,10,16,26,0,3,0,0,0,0,0,0,1962-01-01
479300-99999,72,62,76,68,1015,1014,14,10,15,26,0,3,0,0,0,0,0,0,1963-01-01
479300-99999,75,65,78,71,1014,1013,12,10,15,26,0,3,0,0,0,0,0,0,1964-01-01
479300-99999,72,63,76,69,1014,1013,12,10,16,26,0,3,0,0,0,0,0,0,1965-01-01
479300-99999,74,65,78,71,1013,1012,11,10,16,26,0,3,0,0,0,0,0,0,1966-01-01
479300-99999,73,64,77,70,1013,1013,12,9,15,26,0,3,0,0,0,0,0,0,1967-01-01
479300-99999,72,63,76,68,1015,1013,8,9,15,26,0,3,0,0,0,0,0,0,1968-01-01
479300-99999,73,65,77,69,1015,1013,7,11,16,26,0,3,0,0,0,0,0,0,1969-01-01
479300-99999,63,51,67,59,1016,1018,7,10,16,26,0,3,0,0,0,0,0,0,1970-01-01
479300-99999,72,64,76,69,1018,1015,7,10,15,26,0,3,0,0,0,0,0,0,1971-01-01
479300-99999,72,64,76,69,1018,1016,7,10,15,28,0,3,0,0,0,0,0,0,1972-01-01
479300-99999,73,64,77,70,1018,1018,7,9,15,30,0,3,0,0,0,0,0,0,1973-01-01
479300-99999,74,65,78,70,1018,1018,7,9,15,31,0,3,0,0,0,0,0,0,1974-01-01
479300-99999,73,64,78,70,1018,1018,7,10,16,31,0,3,0,0,0,0,0,0,1975-01-01
479300-99999,73,64,77,69,1018,1018,7,10,16,29,0,3,0,0,0,0,0,0,1976-01-01
479300-99999,74,65,79,71,1018,1018,7,9,15,29,0,3,0,0,0,0,0,0,1977-01-01
479300-99999,73,65,77,69,1018,1018,7,10,16,29,0,3,0,0,0,0,0,0,1978-01-01
479300-99999,73,65,78,70,1018,1018,7,10,16,32,0,3,0,0,0,0,0,0,1979-01-01
479300-99999,74,65,79,70,1018,1018,7,10,16,33,0,3,0,0,0,0,0,0,1980-01-01
479300-99999,73,64,78,69,1018,1018,7,10,16,30,0,3,0,0,0,0,0,0,1981-01-01
479300-99999,73,64,77,69,1018,1018,7,10,16,31,0,3,0,0,0,0,0,0,1982-01-01
479300-99999,74,65,78,70,1018,1018,7,10,16,30,0,3,0,0,0,0,0,0,1983-01-01
479300-99999,73,64,77,70,1018,1018,7,9,15,29,0,3,0,0,0,0,0,0,1984-01-01
479300-99999,74,64,77,70,1018,1018,7,9,16,29,0,3,0,0,0,0,0,0,1985-01-01
479300-99999,73,62,77,70,1018,1018,7,9,15,29,0,3,0,0,0,0,0,0,1986-01-01
479300-99999,75,65,78,71,1018,1018,7,9,15,31,0,3,0,0,0,0,0,0,1987-01-01
479300-99999,74,64,78,71,1018,1018,7,10,16,29,0,3,0,0,0,0,0,0,1988-01-01
479300-99999,73,64,77,70,1018,1018,7,9,15,29,0,3,0,0,0,0,0,0,1989-01-01
479300-99999,74,65,78,71,1018,1018,7,10,16,29,0,3,0,0,0,0,0,0,1990-01-01
479300-99999,74,65,78,71,1018,1018,7,10,16,32,0,3,0,0,0,0,0,0,1991-01-01
479300-99999,74,65,77,70,1018,1018,7,9,15,33,0,3,0,0,0,0,0,0,1992-01-01
479300-99999,74,64,77,71,1018,1018,7,10,15,32,0,3,0,0,0,0,0,0,1993-01-01
479300-99999,74,64,78,71,1018,1018,7,10,15,30,0,3,0,0,0,0,0,0,1994-01-01
479300-99999,73,64,77,70,1018,1018,7,10,15,28,0,3,0,0,0,0,0,0,1995-01-01
479300-99999,73,63,77,70,1018,1018,7,10,16,30,0,3,0,0,0,0,0,0,1996-01-01
479300-99999,74,63,77,70,1018,1018,7,10,16,32,0,3,0,0,0,0,0,0,1997-01-01
479300-99999,76,67,80,73,1018,1018,7,10,15,27,0,3,0,0,0,0,0,0,1998-01-01
479300-99999,74,65,78,71,1018,1018,7,10,16,28,0,3,0,0,0,0,0,0,1999-01-01
479300-99999,74,65,78,71,1018,1018,7,10,16,30,0,3,0,0,0,0,0,0,2000-01-01
479810-99999,74,69,78,71,1013,1001,18,11,17,22,0,3,0,0,0,0,0,0,1950-01-01
479810-99999,75,68,79,72,1014,1002,20,10,16,22,0,3,0,0,0,0,0,0,1951-01-01
479810-99999,77,70,81,73,1014,1002,23,7,13,22,0,3,0,0,0,0,0,0,1952-01-01
479810-99999,76,69,80,72,1014,1002,19,11,17,22,0,3,0,0,0,0,0,0,1953-01-01
479810-99999,77,70,81,73,1013,1001,19,10,16,22,0,3,0,0,0,0,0,0,1954-01-01
479810-99999,76,69,81,73,1014,1001,19,10,16,22,0,3,0,0,0,0,0,0,1955-01-01
479810-99999,76,69,80,72,1014,1001,18,10,15,22,0,3,0,0,0,0,0,0,1956-01-01
479810-99999,76,70,80,72,1014,1001,20,10,16,22,0,3,0,0,0,0,0,0,1957-01-01
479810-99999,76,70,80,73,1014,1002,21,10,17,22,0,3,0,0,0,0,0,0,1958-01-01
479810-99999,76,69,81,73,1014,1001,22,11,17,22,0,3,0,0,0,0,0,0,1959-01-01
479810-99999,75,69,79,72,1013,1000,18,11,16,22,0,3,0,0,0,0,0,0,1960-01-01
479810-99999,76,69,80,73,1013,1000,15,9,13,22,0,3,0,0,0,0,0,0,1961-01-01
479810-99999,75,69,80,72,1014,1001,18,9,13,22,0,3,0,0,0,0,0,0,1962-01-01
479810-99999,75,68,79,72,1015,1002,16,9,12,22,0,3,0,0,0,0,0,0,1963-01-01
479810-99999,76,69,80,73,1014,1001,16,9,13,22,0,3,0,0,0,0,0,0,1964-01-01
479810-99999,75,68,79,72,1014,1001,15,9,13,22,0,3,0,0,0,0,0,0,1965-01-01
479810-99999,76,70,80,73,1014,1001,16,8,12,22,0,3,0,0,0,0,0,0,1966-01-01
479810-99999,71,62,75,68,1015,1002,15,8,11,22,0,3,0,0,0,0,0,0,1967-01-01
479810-99999,72,63,76,69,1015,1002,14,8,11,24,0,3,0,0,0,0,0,0,1968-01-01
479810-99999,73,64,77,70,1014,1001,12,9,12,26,0,3,0,0,0,0,0,0,1969-01-01
479810-99999,74,65,77,71,1014,1001,11,9,12,28,0,3,0,0,0,0,0,0,1970-01-01
479810-99999,75,67,78,71,1013,1000,9,9,13,30,0,3,0,0,0,0,0,0,1971-01-01
479810-99999,76,68,79,72,1013,1000,8,10,13,32,0,3,0,0,0,0,0,0,1972-01-01
479810-99999,77,69,79,73,1012,1000,7,10,13,34,0,3,0,0,0,0,0,0,1973-01-01
479810-99999,76,68,79,73,1012,1000,6,10,13,41,0,3,0,0,0,0,0,0,1974-01-01
479810-99999,76,68,79,73,1012,1000,7,9,13,31,0,3,0,0,0,0,0,0,1975-01-01
479810-99999,76,69,78,72,1012,1000,7,10,13,31,0,3,0,0,0,0,0,0,1976-01-01
479810-99999,76,69,78,72,1012,1000,7,11,14,39,0,3,0,0,0,0,0,0,1977-01-01
479810-99999,76,69,79,73,1012,1000,7,11,15,33,0,3,0,0,0,0,0,0,1978-01-01
479810-99999,77,69,79,73,1012,1000,7,12,16,32,0,3,0,0,0,0,0,0,1979-01-01
479810-99999,78,69,80,74,1012,1000,7,11,14,32,0,3,0,0,0,0,0,0,1980-01-01
479810-99999,76,69,79,72,1012,1000,7,9,11,29,0,3,0,0,0,0,0,0,1981-01-01
479810-99999,76,70,78,72,1012,1000,7,9,11,35,0,3,0,0,0,0,0,0,1982-01-01
479810-99999,76,71,79,73,1012,1000,7,9,11,30,0,3,0,0,0,0,0,0,1983-01-01
479810-99999,75,66,77,71,1012,1000,7,11,14,32,0,3,0,0,0,0,0,0,1984-01-01
479810-99999,77,68,80,73,1012,1000,7,12,16,32,0,3,0,0,0,0,0,0,1985-01-01
479810-99999,76,67,79,72,1012,1000,7,12,16,35,0,3,0,0,0,0,0,0,1986-01-01
479810-99999,76,68,80,73,1012,1000,7,11,15,35,0,3,0,0,0,0,0,0,1987-01-01
479810-99999,76,68,79,73,1012,1000,7,11,15,35,0,3,0,0,0,0,0,0,1988-01-01
479810-99999,75,67,78,72,1012,1000,7,12,16,46,0,3,0,0,0,0,0,0,1989-01-01
479810-99999,75,67,78,72,1012,1000,7,11,14,33,0,3,0,0,0,0,0,0,1990-01-01
479810-99999,76,68,79,73,1012,1000,7,10,14,31,0,3,0,0,0,0,0,0,1991-01-01
479810-99999,75,67,78,72,1012,1000,7,11,15,35,0,3,0,0,0,0,0,0,1992-01-01
479810-99999,75,67,78,71,1012,1000,7,10,14,33,0,3,0,0,0,0,0,0,1993-01-01
479810-99999,76,67,79,73,1012,1000,7,11,15,38,0,3,0,0,0,0,0,0,1994-01-01
479810-99999,75,68,78,72,1012,1000,7,11,15,31,0,3,0,0,0,0,0,0,1995-01-01
479810-99999,75,67,78,72,1012,1000,7,12,16,33,0,3,0,0,0,0,0,0,1996-01-01
479810-99999,75,68,79,72,1012,1000,7,11,16,38,0,3,0,0,0,0,0,0,1997-01-01
479810-99999,77,70,80,74,1012,1000,7,11,15,28,0,3,0,0,0,0,0,0,1998-01-01
479810-99999,76,69,80,73,1012,1000,7,11,15,28,0,3,0,0,0,0,0,0,1999-01-01
479810-99999,76,69,79,73,1012,1000,7,11,15,31,0,3,0,0,0,0,0,0,2000-01-01
722265-13821,66,55,77,56,1018,1012,10,6,13,16,0,1,0,0,0,0,0,0,1950-01-01
722265-13821,66,55,78,56,1017,1011,10,6,13,16,0,1,0,0,0,0,0,0,1951-01-01
722265-13821,66,54,78,56,1018,1011,12,5,12,16,0,1,0,0,0,0,0,0,1952-01-01
722265-13821,67,55,78,57,1017,1011,11,4,11,16,0,1,0,0,0,0,0,0,1953-01-01
722265-13821,67,53,79,56,1017,1011,11,5,12,16,0,1,0,0,0,0,0,0,1954-01-01
722265-13821,66,54,78,56,1017,1011,10,6,12,16,0,1,0,0,0,0,0,0,1955-01-01
722265-13821,66,55,78,57,1018,1011,10,4,11,16,0,1,0,0,0,0,0,0,1956-01-01
722265-13821,67,56,77,59,1017,1011,8,5,11,16,0,1,0,0,0,0,0,0,1957-01-01
722265-13821,64,53,75,56,1017,1011,7,6,12,16,0,1,0,0,0,0,0,0,1958-01-01
722265-13821,66,54,76,57,1018,1012,8,3,10,16,0,1,0,0,0,0,0,0,1959-01-01
722265-13821,64,53,75,56,1018,1011,9,2,9,16,0,1,0,0,0,0,0,0,1960-01-01
722265-13821,65,53,76,56,1018,1012,10,3,10,16,0,1,0,0,0,0,0,0,1961-01-01
722265-13821,66,53,77,57,1018,1011,10,3,9,16,0,1,0,0,0,0,0,0,1962-01-01
722265-13821,64,52,75,55,1018,1012,9,4,10,16,0,1,0,0,0,0,0,0,1963-01-01
722265-13821,64,53,75,54,1018,1011,11,4,10,16,0,1,0,0,0,0,0,0,1964-01-01
722265-13821,64,53,76,55,1018,1012,11,4,9,16,0,1,0,0,0,0,0,0,1965-01-01
722265-13821,65,52,76,55,1018,1012,14,4,8,16,0,1,0,0,0,0,0,0,1966-01-01
722265-13821,64,52,76,54,1019,1012,15,3,8,16,0,1,0,0,0,0,0,0,1967-01-01
722265-13821,63,51,75,53,1019,1012,16,3,8,17,0,1,0,0,0,0,0,0,1968-01-01
722265-13821,64,53,76,55,1017,1010,15,3,8,17,0,1,0,0,0,0,0,0,1969-01-01
722265-13821,65,54,76,55,1018,1011,13,4,10,18,0,1,0,0,0,0,0,0,1970-01-01
722265-13821,65,55,77,57,1017,1011,14,4,10,20,0,1,0,0,0,0,0,0,1971-01-01
722265-13821,67,54,77,57,1018,1010,14,4,9,18,0,1,0,0,0,0,0,0,1972-01-01
722265-13821,67,55,75,57,1017,1010,14,5,9,17,0,1,0,0,0,0,0,0,1973-01-01
722265-13821,66,53,75,56,1018,1010,8,4,9,18,0,2,0,0,0,0,0,0,1974-01-01
722265-13821,68,55,76,58,1018,1010,7,4,8,18,0,2,0,0,0,0,0,0,1975-01-01
722265-13821,66,51,75,55,1018,1010,8,3,8,19,0,3,0,0,0,0,0,0,1976-01-01
722265-13821,68,52,77,58,1018,1010,8,4,9,20,0,1,0,0,0,0,0,0,1977-01-01
722265-13821,67,52,77,57,1018,1010,8,4,8,20,0,1,0,0,0,0,0,0,1978-01-01
722265-13821,66,51,75,56,1018,1010,8,4,8,19,0,1,0,0,0,0,0,0,1979-01-01
722265-13821,67,52,76,57,1017,1010,8,4,8,17,0,1,0,0,0,0,0,0,1980-01-01
722265-13821,67,51,76,56,1018,1011,7,4,8,18,0,1,0,0,0,0,0,0,1981-01-01
722265-13821,68,55,76,58,1018,1011,7,4,9,19,0,1,0,0,0,0,0,0,1982-01-01
722265-13821,66,52,75,57,1017,1011,7,4,8,19,0,1,0,0,0,0,0,0,1983-01-01
722265-13821,67,53,76,57,1018,1011,6,4,9,19,0,1,0,0,0,0,0,0,1984-01-01
722265-13821,67,54,76,57,1019,1011,6,2,6,18,0,1,0,0,0,0,0,0,1985-01-01
722265-13821,67,55,78,58,1019,1011,6,3,9,19,0,1,0,0,0,0,0,0,1986-01-01
722265-13821,66,54,77,56,1018,1012,6,3,9,21,0,1,0,0,0,0,0,0,1987-01-01
722265-13821,65,53,76,56,1019,1012,7,4,10,21,0,1,0,0,0,0,0,0,1988-01-01
722265-13821,68,58,78,60,1019,1012,6,4,11,22,0,2,0,0,0,0,0,0,1989-01-01
722265-13821,69,56,81,59,1019,1012,6,4,10,21,0,2,0,0,0,0,0,0,1990-01-01
722265-13821,67,57,77,59,1019,1012,6,4,10,22,0,2,0,0,0,0,0,0,1991-01-01
722265-13821,65,54,76,57,1018,1012,6,4,10,18,0,3,0,0,0,0,0,0,1992-01-01
722265-13821,66,53,77,57,1018,1012,7,6,12,22,0,2,0,0,0,0,0,0,1993-01-01
722265-13821,69,55,78,59,1018,1012,6,7,12,24,0,2,0,0,0,0,0,0,1994-01-01
722265-13821,70,54,79,59,1017,1012,6,7,13,23,0,2,0,0,0,0,0,0,1995-01-01
722265-13821,67,54,77,57,1018,1012,7,6,12,30,0,1,0,0,0,0,0,0,1996-01-01
722265-13821,66,55,77,57,1017,1012,8,6,12,22,0,1,0,0,0,0,0,0,1997-01-01
722265-13821,69,56,80,60,1017,1012,7,7,13,22,0,1,0,0,0,0,0,0,1998-01-01
722265-13821,69,57,79,58,1018,1012,6,6,12,22,0,1,0,0,0,0,0,0,1999-01-01
722265-13821,69,57,79,58,1018,1012,6,6,12,22,0,1,0,0,0,0,0,0,2000-01-01
722860-23119,62,45,78,49,1015,961,12,5,14,22,0,2,0,0,0,0,0,0,1950-01-01
722860-23119,61,43,76,49,1015,961,11,3,12,22,0,2,0,0,0,0,0,0,1951-01-01
722860-23119,61,43,75,50,1016,961,12,3,12,22,0,2,0,0,0,0,0,0,1952-01-01
722860-23119,61,40,78,49,1016,961,14,3,12,22,0,2,0,0,0,0,0,0,1953-01-01
722860-23119,62,44,77,50,1015,961,11,3,10,22,0,2,0,0,0,0,0,0,1954-01-01
722860-23119,61,44,76,50,1015,961,11,4,13,22,0,2,0,0,0,0,0,0,1955-01-01
722860-23119,62,42,78,50,1015,961,11,3,11,22,0,2,0,0,0,0,0,0,1956-01-01
722860-23119,62,46,76,51,1015,960,12,3,11,22,0,2,0,0,0,0,0,0,1957-01-01
722860-23119,64,44,79,52,1014,960,13,3,11,22,0,2,0,0,0,0,0,0,1958-01-01
722860-23119,64,43,79,52,1014,960,14,4,12,22,0,2,0,0,0,0,0,0,1959-01-01
722860-23119,63,41,78,51,1015,961,15,4,12,22,0,2,0,0,0,0,0,0,1960-01-01
722860-23119,63,41,78,50,1015,961,15,4,12,22,0,2,0,0,0,0,0,0,1961-01-01
722860-23119,61,42,78,47,1015,961,11,4,12,22,0,2,0,0,0,0,0,0,1962-01-01
722860-23119,60,43,76,48,1015,961,14,4,13,22,0,2,0,0,0,0,0,0,1963-01-01
722860-23119,60,40,75,47,1015,961,16,4,13,22,0,2,0,0,0,0,0,0,1964-01-01
722860-23119,60,42,75,48,1015,960,15,4,11,22,0,2,0,0,0,0,0,0,1965-01-01
722860-23119,61,43,77,48,1015,960,15,3,12,22,0,2,0,0,0,0,0,0,1966-01-01
722860-23119,62,45,78,48,1015,961,16,4,11,22,0,2,0,0,0,0,0,0,1967-01-01
722860-23119,61,41,78,48,1015,961,16,4,11,22,0,2,0,0,0,0,0,0,1968-01-01
722860-23119,60,43,76,48,1014,959,14,3,11,22,0,2,0,0,0,0,0,0,1969-01-01
722860-23119,61,42,78,48,1015,961,15,4,11,22,0,2,0,0,0,0,0,0,1970-01-01
722860-23119,60,40,77,46,1015,963,17,4,12,20,0,2,0,0,0,0,0,0,1971-01-01
722860-23119,60,42,77,47,1015,964,16,4,13,20,0,2,0,0,0,0,0,0,1972-01-01
722860-23119,60,42,75,47,1015,960,13,4,12,21,0,2,0,0,0,0,0,0,1973-01-01
722860-23119,61,42,76,49,1015,962,14,3,11,18,0,2,0,0,0,0,0,0,1974-01-01
722860-23119,60,42,76,47,1016,960,14,4,12,19,0,2,0,0,0,0,0,0,1975-01-01
722860-23119,62,42,77,50,1015,961,18,4,12,19,0,2,0,0,0,0,0,0,1976-01-01
722860-23119,61,43,76,50,1015,960,14,4,11,18,0,2,0,0,0,0,0,0,1977-01-01
722860-23119,62,45,77,51,1014,960,14,3,10,17,0,2,0,0,0,0,0,0,1978-01-01
722860-23119,61,43,76,49,1015,962,12,3,8,17,0,2,0,0,0,0,0,0,1979-01-01
722860-23119,64,45,79,51,1015,959,13,2,8,15,0,2,0,0,0,0,0,0,1980-01-01
722860-23119,65,49,80,53,1014,961,14,3,10,16,0,2,0,0,0,0,0,0,1981-01-01
722860-23119,61,46,75,50,1015,957,17,3,10,17,0,2,0,0,0,0,0,0,1982-01-01
722860-23119,62,47,75,51,1015,960,15,3,10,17,0,2,0,0,0,0,0,0,1983-01-01
722860-23119,63,45,78,51,1014,960,17,4,12,19,0,2,0,0,0,0,0,0,1984-01-01
722860-23119,61,44,77,49,1016,960,15,4,11,19,0,2,0,0,0,0,0,0,1985-01-01
722860-23119,64,44,79,51,1016,960,15,3,11,18,0,2,0,0,0,0,0,0,1986-01-01
722860-23119,63,44,78,52,1015,959,14,3,11,18,0,2,0,0,0,0,0,0,1987-01-01
722860-23119,65,44,80,52,1015,959,14,4,11,20,0,2,0,0,0,0,0,0,1988-01-01
722860-23119,64,44,79,52,1016,959,13,3,10,17,0,2,0,0,0,0,0,0,1989-01-01
722860-23119,65,41,80,53,1015,959,14,4,11,19,0,2,0,0,0,0,0,0,1990-01-01
722860-23119,64,45,79,52,1015,959,12,4,11,19,0,2,0,0,0,0,0,0,1991-01-01
722860-23119,65,46,80,54,1014,960,11,3,10,18,0,2,0,0,0,0,0,0,1992-01-01
722860-23119,64,47,79,52,1014,960,9,6,13,19,0,2,0,0,0,0,0,0,1993-01-01
722860-23119,62,44,78,50,1015,960,13,6,13,19,0,2,0,0,0,0,0,0,1994-01-01
722860-23119,63,47,79,51,1014,960,12,5,12,19,0,2,0,0,0,0,0,0,1995-01-01
722860-23119,64,46,79,51,1014,960,15,5,11,24,0,2,0,0,0,0,0,0,1996-01-01
722860-23119,64,45,79,52,1014,960,20,5,11,22,0,2,0,0,0,0,0,0,1997-01-01
722860-23119,63,47,77,51,1015,961,19,5,10,19,0,2,0,0,0,0,0,0,1998-01-01
722860-23119,62,42,78,49,1016,961,20,5,11,20,0,2,0,0,0,0,0,0,1999-01-01
722860-23119,62,42,78,49,1016,961,20,5,11,20,0,2,0,0,0,0,0,0,2000-01-01
724050-13743,57,45,66,50,1017,1017,10,7,14,24,0,8,0,0,0,0,0,0,1950-01-01
724050-13743,57,46,67,50,1017,1016,9,7,14,24,0,8,0,0,0,0,0,0,1951-01-01
724050-13743,58,46,67,51,1016,1015,9,6,13,24,0,8,0,0,0,0,0,0,1952-01-01
724050-13743,59,47,69,52,1016,1015,9,6,12,24,0,8,0,0,0,0,0,0,1953-01-01
724050-13743,58,46,68,50,1017,1015,11,8,15,24,0,8,0,0,0,0,0,0,1954-01-01
724050-13743,58,46,67,50,1017,1016,10,8,15,24,0,8,0,0,0,0,0,0,1955-01-01
724050-13743,58,46,67,50,1017,1016,9,6,13,24,0,8,0,0,0,0,0,0,1956-01-01
724050-13743,59,46,68,51,1018,1017,10,6,13,24,0,8,0,0,0,0,0,0,1957-01-01
724050-13743,56,43,65,49,1016,1015,9,6,14,24,0,8,0,0,0,0,0,0,1958-01-01
724050-13743,59,46,69,52,1018,1017,9,6,13,24,0,8,0,0,0,0,0,0,1959-01-01
724050-13743,57,44,66,50,1017,1016,9,5,12,24,0,8,0,0,0,0,0,0,1960-01-01
724050-13743,58,44,67,51,1017,1016,10,6,13,24,0,8,0,0,0,0,0,0,1961-01-01
724050-13743,56,42,65,49,1018,1017,11,6,13,24,0,8,0,0,0,0,0,0,1962-01-01
724050-13743,57,40,67,49,1018,1016,11,6,12,24,0,8,0,0,0,0,0,0,1963-01-01
724050-13743,58,43,67,51,1018,1017,11,6,12,24,0,8,0,0,0,0,0,0,1964-01-01
724050-13743,57,44,66,50,1018,1017,10,6,13,24,0,8,0,0,0,0,0,0,1965-01-01
724050-13743,58,42,64,50,1018,1017,9,7,12,24,0,8,0,0,0,0,0,0,1966-01-01
724050-13743,58,43,65,50,1019,1018,9,7,12,24,0,8,0,0,0,0,0,0,1967-01-01
724050-13743,59,42,65,51,1018,1017,10,7,13,24,0,8,0,0,0,0,0,0,1968-01-01
724050-13743,62,44,67,54,1016,1014,9,8,12,24,0,8,0,0,0,0,0,0,1969-01-01
724050-13743,61,45,68,53,1016,1015,10,8,12,24,0,8,0,0,0,0,0,0,1970-01-01
724050-13743,60,45,69,52,1017,1015,10,8,13,24,0,8,0,0,0,0,0,0,1971-01-01
724050-13743,60,46,69,51,1017,1015,10,7,13,24,0,8,0,0,0,0,0,0,1972-01-01
724050-13743,59,46,70,50,1017,1015,10,7,13,24,0,8,0,0,0,0,0,0,1973-01-01
724050-13743,59,45,71,48,1018,1015,11,7,13,24,0,3,0,0,0,0,0,0,1974-01-01
724050-13743,59,46,70,49,1018,1016,11,7,13,27,0,1,0,0,0,0,0,0,1975-01-01
724050-13743,58,43,70,47,1017,1015,14,8,14,26,0,2,0,0,0,0,0,0,1976-01-01
724050-13743,59,45,70,48,1017,1015,13,9,15,28,0,2,0,0,0,0,0,0,1977-01-01
724050-13743,58,44,69,48,1018,1016,12,8,14,27,0,2,0,0,0,0,0,0,1978-01-01
724050-13743,58,47,68,48,1018,1016,12,8,14,26,0,1,0,0,0,0,0,0,1979-01-01
724050-13743,59,46,71,50,1017,1015,12,8,14,25,0,2,0,0,0,0,0,0,1980-01-01
724050-13743,59,46,70,49,1017,1015,13,9,15,25,0,1,0,0,0,0,0,0,1981-01-01
724050-13743,58,45,69,47,1019,1017,11,8,13,23,0,4,0,0,0,0,0,0,1982-01-01
724050-13743,58,45,69,48,1017,1015,11,7,12,22,0,1,0,0,0,0,0,0,1983-01-01
724050-13743,58,46,68,48,1018,1016,11,7,13,23,0,1,0,0,0,0,0,0,1984-01-01
724050-13743,58,45,69,48,1018,1015,11,8,14,23,0,6,0,0,0,0,0,0,1985-01-01
724050-13743,58,45,69,48,1018,1016,10,8,14,24,0,4,0,0,0,0,0,0,1986-01-01
724050-13743,58,46,69,48,1018,1015,10,8,14,24,0,5,0,0,0,0,0,0,1987-01-01
724050-13743,57,44,69,47,1018,1016,11,9,15,24,0,1,0,0,0,0,0,0,1988-01-01
724050-13743,57,46,67,47,1018,1016,10,9,14,24,0,2,0,0,0,0,0,0,1989-01-01
724050-13743,60,48,72,49,1019,1016,11,8,14,24,0,2,0,0,0,0,0,0,1990-01-01
724050-13743,60,47,72,49,1019,1016,11,8,14,23,0,1,0,0,0,0,0,0,1991-01-01
724050-13743,56,45,67,47,1018,1016,11,8,14,24,0,1,0,0,0,0,0,0,1992-01-01
724050-13743,58,47,69,48,1018,1016,11,8,14,24,0,1,0,0,0,0,0,0,1993-01-01
724050-13743,58,46,70,48,1019,1016,11,8,14,26,0,1,0,0,0,0,0,0,1994-01-01
724050-13743,58,45,69,48,1017,1015,12,8,14,24,0,1,0,0,0,0,0,0,1995-01-01
724050-13743,58,45,69,48,1017,1015,12,8,14,24,0,0,0,0,0,0,0,0,1996-01-01
724050-13743,58,44,69,49,1017,1014,12,8,14,24,0,0,0,0,0,0,0,0,1997-01-01
724050-13743,60,47,70,51,1016,1014,9,8,14,22,0,1,0,0,0,0,0,0,1998-01-01
724050-13743,59,46,69,50,1018,1017,9,8,15,24,0,3,0,0,0,0,0,0,1999-01-01
724050-13743,57,45,68,47,1018,1019,9,8,15,24,0,1,0,0,0,0,0,0,2000-01-01
761600-99999,77,49,92,61,1011,984,33,2,5,25,0,2,0,0,0,0,0,0,1950-01-01
761600-99999,76,52,90,61,1011,984,33,2,5,25,0,2,0,0,0,0,0,0,1951-01-01
761600-99999,79,51,90,60,1011,984,37,2,5,25,0,2,0,0,0,0,0,0,1952-01-01
761600-99999,78,50,91,58,1011,984,40,1,3,25,0,2,0,0,0,0,0,0,1953-01-01
761600-99999,70,40,85,50,1013,984,42,1,3,25,0,2,0,0,0,0,0,0,1954-01-01
761600-99999,70,40,84,50,1013,984,41,1,3,25,0,2,0,0,0,0,0,0,1955-01-01
761600-99999,69,40,83,50,1013,984,40,1,3,25,0,2,0,0,0,0,0,0,1956-01-01
761600-99999,69,40,82,50,1013,984,38,1,3,25,0,2,0,0,0,0,0,0,1957-01-01
761600-99999,68,40,81,50,1013,984,37,1,3,25,0,2,0,0,0,0,0,0,1958-01-01
761600-99999,68,40,80,50,1012,984,36,1,3,25,0,2,0,0,0,0,0,0,1959-01-01
761600-99999,67,40,80,51,1012,984,35,1,3,25,0,2,0,0,0,0,0,0,1960-01-01
761600-99999,67,39,79,51,1012,984,33,1,3,25,0,2,0,0,0,0,0,0,1961-01-01
761600-99999,66,39,78,51,1012,984,32,1,3,25,0,2,0,0,0,0,0,0,1962-01-01
761600-99999,66,39,77,51,1012,984,31,1,3,25,0,2,0,0,0,0,0,0,1963-01-01
761600-99999,65,39,76,51,1012,984,29,1,3,25,0,2,0,0,0,0,0,0,1964-01-01
761600-99999,65,39,75,51,1012,984,28,2,3,25,0,2,0,0,0,0,0,0,1965-01-01
761600-99999,64,39,75,51,1012,984,27,2,3,25,0,2,0,0,0,0,0,0,1966-01-01
761600-99999,64,38,74,51,1012,984,25,2,4,25,0,2,0,0,0,0,0,0,1967-01-01
761600-99999,63,38,73,52,1012,984,24,2,4,25,0,2,0,0,0,0,0,0,1968-01-01
761600-99999,63,38,72,52,1012,984,23,2,4,25,0,2,0,0,0,0,0,0,1969-01-01
761600-99999,62,38,71,52,1012,984,22,2,4,25,0,2,0,0,0,0,0,0,1970-01-01
761600-99999,62,38,70,52,1012,984,20,2,4,25,0,2,0,0,0,0,0,0,1971-01-01
761600-99999,61,38,69,52,1011,984,19,2,4,25,0,2,0,0,0,0,0,0,1972-01-01
761600-99999,60,38,69,52,1011,984,18,2,4,25,0,2,0,0,0,0,0,0,1973-01-01
761600-99999,62,37,72,52,1010,984,11,2,5,25,0,2,0,0,0,0,0,0,1974-01-01
761600-99999,63,36,74,52,1009,984,5,3,6,25,0,2,0,0,0,0,0,0,1975-01-01
761600-99999,78,50,90,67,1014,986,6,3,6,25,0,2,0,0,0,0,0,0,1976-01-01
761600-99999,76,50,89,64,1010,986,6,3,6,25,0,2,0,0,0,0,0,0,1977-01-01
761600-99999,76,55,90,63,1010,986,6,3,6,25,0,2,0,0,0,0,0,0,1978-01-01
761600-99999,75,51,90,61,1010,986,6,3,6,25,0,2,0,0,0,0,0,0,1979-01-01
761600-99999,74,48,89,59,1010,986,6,3,6,25,0,2,0,0,0,0,0,0,1980-01-01
761600-99999,77,55,92,63,1009,985,6,3,6,25,0,2,0,0,0,0,0,0,1981-01-01
761600-99999,76,53,92,61,1009,985,6,2,4,26,0,2,0,0,0,0,0,0,1982-01-01
761600-99999,75,58,90,61,1009,985,6,3,5,33,0,2,0,0,0,0,0,0,1983-01-01
761600-99999,75,58,89,62,1009,985,6,3,5,34,0,1,0,0,0,0,0,0,1984-01-01
761600-99999,75,56,90,61,1010,986,6,3,5,33,0,1,0,0,0,0,0,0,1985-01-01
761600-99999,75,52,90,61,1010,986,6,3,5,31,0,1,0,0,0,0,0,0,1986-01-01
761600-99999,77,53,92,62,1013,988,6,3,5,31,0,1,0,0,0,0,0,0,1987-01-01
761600-99999,78,53,94,61,1013,989,6,3,6,30,0,1,0,0,0,0,0,0,1988-01-01
761600-99999,83,59,99,68,1012,989,7,2,4,30,0,1,0,0,0,0,0,0,1989-01-01
761600-99999,76,57,91,63,1014,990,7,3,5,30,0,1,0,0,0,0,0,0,1990-01-01
761600-99999,74,54,88,60,1014,990,11,2,8,30,0,1,0,0,0,0,0,0,1991-01-01
761600-99999,78,54,90,61,1007,984,9,3,13,26,0,1,0,0,0,0,0,0,1992-01-01
761600-99999,79,54,91,63,1002,982,8,2,8,19,0,1,0,0,0,0,0,0,1993-01-01
761600-99999,77,50,89,59,1007,986,8,2,8,16,0,1,0,0,0,0,0,0,1994-01-01
761600-99999,80,55,92,62,1009,984,6,2,9,17,0,1,0,0,0,0,0,0,1995-01-01
761600-99999,81,53,94,62,1008,984,6,3,10,20,0,1,0,0,0,0,0,0,1996-01-01
761600-99999,81,52,92,63,1009,985,6,3,10,27,0,1,0,0,0,0,0,0,1997-01-01
761600-99999,79,50,91,62,1008,984,6,3,10,33,0,1,0,0,0,0,0,0,1998-01-01
761600-99999,79,49,92,62,1014,988,6,3,11,24,0,1,0,0,0,0,0,0,1999-01-01
761600-99999,78,52,91,63,1012,986,6,3,11,29,0,2,0,0,0,0,0,0,2000-01-01
763420-99999,74,53,90,61,1013,946,23,3,7,12,0,3,0,0,0,0,0,0,1950-01-01
763420-99999,73,52,89,61,1012,946,19,3,7,12,0,3,0,0,0,0,0,0,1951-01-01
763420-99999,72,50,88,60,1013,946,20,3,7,12,0,3,0,0,0,0,0,0,1952-01-01
763420-99999,73,49,88,61,1013,946,20,4,8,12,0,3,0,0,0,0,0,0,1953-01-01
763420-99999,73,51,87,61,1013,946,21,4,7,12,0,3,0,0,0,0,0,0,1954-01-01
763420-99999,71,50,86,60,1013,946,22,3,7,12,0,3,0,0,0,0,0,0,1955-01-01
763420-99999,72,49,87,60,1013,946,22,3,6,12,0,3,0,0,0,0,0,0,1956-01-01
763420-99999,72,54,86,61,1012,946,21,4,7,12,0,3,0,0,0,0,0,0,1957-01-01
763420-99999,70,57,83,59,1013,946,19,3,7,12,0,3,0,0,0,0,0,0,1958-01-01
763420-99999,70,56,85,59,1013,946,21,4,7,12,0,3,0,0,0,0,0,0,1959-01-01
763420-99999,57,41,74,46,1016,946,20,4,8,12,0,3,0,0,0,0,0,0,1960-01-01
763420-99999,57,41,74,46,1015,946,20,4,8,12,0,3,0,0,0,0,0,0,1961-01-01
763420-99999,58,42,73,47,1015,946,20,4,8,12,0,3,0,0,0,0,0,0,1962-01-01
763420-99999,58,43,73,47,1015,946,20,4,8,12,0,3,0,0,0,0,0,0,1963-01-01
763420-99999,58,43,73,47,1015,947,19,3,8,12,0,3,0,0,0,0,0,0,1964-01-01
763420-99999,59,44,73,48,1014,947,19,3,7,12,0,3,0,0,0,0,0,0,1965-01-01
763420-99999,59,44,73,48,1014,947,19,3,7,12,0,3,0,0,0,0,0,0,1966-01-01
763420-99999,59,45,73,48,1014,947,19,3,7,12,0,3,0,0,0,0,0,0,1967-01-01
763420-99999,59,45,73,49,1014,947,19,3,7,12,0,3,0,0,0,0,0,0,1968-01-01
763420-99999,60,46,73,49,1014,948,19,3,7,12,0,3,0,0,0,0,0,0,1969-01-01
763420-99999,60,46,73,49,1013,948,18,3,7,12,0,3,0,0,0,0,0,0,1970-01-01
763420-99999,60,47,73,50,1013,948,18,3,6,12,0,3,0,0,0,0,0,0,1971-01-01
763420-99999,60,47,73,50,1013,948,18,3,6,12,0,3,0,0,0,0,0,0,1972-01-01
763420-99999,61,48,73,51,1013,948,18,3,6,12,0,3,0,0,0,0,0,0,1973-01-01
763420-99999,58,55,75,42,1005,952,15,2,6,12,0,3,0,0,0,0,0,0,1974-01-01
763420-99999,65,50,79,53,1008,951,18,2,5,12,0,3,0,0,0,0,0,0,1975-01-01
763420-99999,58,40,69,50,1012,950,18,2,5,12,0,3,0,0,0,0,0,0,1976-01-01
763420-99999,54,32,63,48,1016,949,6,5,6,12,0,3,0,0,0,0,0,0,1977-01-01
763420-99999,72,59,84,63,1009,941,4,5,7,12,0,3,0,0,0,0,0,0,1978-01-01
763420-99999,71,50,83,58,1010,941,4,5,8,12,0,3,0,0,0,0,0,0,1979-01-01
763420-99999,74,52,88,62,1009,941,4,5,9,12,0,3,0,0,0,0,0,0,1980-01-01
763420-99999,71,53,84,59,1010,941,5,5,7,12,0,3,0,0,0,0,0,0,1981-01-01
763420-99999,72,53,87,59,1009,940,5,4,5,12,0,3,0,0,0,0,0,0,1982-01-01
763420-99999,73,54,88,60,1008,940,5,7,12,13,0,3,0,0,0,0,0,0,1983-01-01
763420-99999,73,52,87,59,1009,941,5,7,13,14,0,3,0,0,0,0,0,0,1984-01-01
763420-99999,76,56,90,63,1013,945,5,6,11,15,0,3,0,0,0,0,0,0,1985-01-01
763420-99999,77,53,93,64,1012,942,6,5,8,15,0,3,0,0,0,0,0,0,1986-01-01
763420-99999,73,59,88,63,1015,946,8,3,6,15,0,3,0,0,0,0,0,0,1987-01-01
763420-99999,76,55,91,64,1014,945,7,5,9,15,0,3,0,0,0,0,0,0,1988-01-01
763420-99999,79,52,94,65,1012,944,6,7,13,15,0,3,0,0,0,0,0,0,1989-01-01
763420-99999,67,46,80,54,1015,945,6,7,12,16,0,3,0,0,0,0,0,0,1990-01-01
763420-99999,73,52,86,61,1013,944,6,6,9,17,0,3,0,0,0,0,0,0,1991-01-01
763420-99999,73,54,86,60,1014,945,9,3,6,18,0,3,0,0,0,0,0,0,1992-01-01
763420-99999,73,49,87,61,1013,945,10,3,5,24,0,3,0,0,0,0,0,0,1993-01-01
763420-99999,75,48,88,62,1013,945,11,3,5,23,0,3,0,0,0,0,0,0,1994-01-01
763420-99999,75,48,89,61,1013,944,9,3,7,21,0,3,0,0,0,0,0,0,1995-01-01
763420-99999,75,49,89,61,1013,944,6,5,13,31,0,3,0,0,0,0,0,0,1996-01-01
763420-99999,72,53,86,61,1013,945,5,4,11,39,0,3,0,0,0,0,0,0,1997-01-01
763420-99999,75,57,88,63,1012,944,5,3,10,33,0,3,0,0,0,0,0,0,1998-01-01
763420-99999,76,57,89,63,1013,945,5,5,13,34,0,3,0,0,0,0,0,0,1999-01-01
763420-99999,76,56,89,63,1014,945,5,5,13,41,0,3,0,0,0,0,0,0,2000-01-01
763820-99999,73,50,87,54,1012,1006,6,3,7,22,0,9,0,0,0,0,0,0,1950-01-01
763820-99999,72,50,91,53,1012,1006,6,3,6,22,0,9,0,0,0,0,0,0,1951-01-01
763820-99999,72,46,88,52,1012,1006,7,3,6,22,0,9,0,0,0,0,0,0,1952-01-01
763820-99999,72,49,88,53,1012,1006,8,2,6,22,0,9,0,0,0,0,0,0,1953-01-01
763820-99999,73,53,92,53,1012,1006,7,2,5,22,0,9,0,0,0,0,0,0,1954-01-01
763820-99999,73,53,93,53,1012,1006,7,2,5,22,0,9,0,0,0,0,0,0,1955-01-01
763820-99999,73,56,93,52,1012,1006,7,2,4,22,0,9,0,0,0,0,0,0,1956-01-01
763820-99999,74,57,93,54,1012,1006,9,2,5,22,0,9,0,0,0,0,0,0,1957-01-01
763820-99999,72,56,88,56,1011,1006,13,3,6,22,0,9,0,0,0,0,0,0,1958-01-01
763820-99999,73,54,90,57,1011,1006,13,2,5,22,0,9,0,0,0,0,0,0,1959-01-01
763820-99999,62,48,83,43,1013,1006,12,3,6,22,0,9,0,0,0,0,0,0,1960-01-01
763820-99999,63,48,83,44,1013,997,13,3,6,22,0,9,0,0,0,0,0,0,1961-01-01
763820-99999,64,47,83,45,1012,988,13,3,7,22,0,9,0,0,0,0,0,0,1962-01-01
763820-99999,64,47,83,46,1012,979,14,3,7,22,0,9,0,0,0,0,0,0,1963-01-01
763820-99999,65,47,82,48,1011,970,15,3,7,22,0,9,0,0,0,0,0,0,1964-01-01
763820-99999,65,46,82,49,1011,961,16,3,7,22,0,9,0,0,0,0,0,0,1965-01-01
763820-99999,66,46,82,50,1010,952,17,3,7,22,0,9,0,0,0,0,0,0,1966-01-01
763820-99999,66,45,81,51,1010,943,18,3,8,22,0,9,0,0,0,0,0,0,1967-01-01
763820-99999,67,45,81,52,1009,934,19,3,8,22,0,9,0,0,0,0,0,0,1968-01-01
763820-99999,67,45,81,53,1009,924,20,3,8,22,0,9,0,0,0,0,0,0,1969-01-01
763820-99999,68,44,81,54,1008,915,21,3,8,22,0,9,0,0,0,0,0,0,1970-01-01
763820-99999,68,44,80,56,1008,906,22,3,8,22,0,9,0,0,0,0,0,0,1971-01-01
763820-99999,69,44,80,57,1007,897,23,3,9,22,0,9,0,0,0,0,0,0,1972-01-01
763820-99999,69,43,80,58,1007,888,24,3,9,22,0,9,0,0,0,0,0,0,1973-01-01
763820-99999,74,45,85,60,1007,883,13,4,11,26,1,9,0,0,0,0,0,0,1974-01-01
763820-99999,72,45,82,59,1011,888,12,4,11,30,1,9,0,0,0,0,0,0,1975-01-01
763820-99999,70,54,80,59,1013,889,8,4,7,27,0,9,0,0,0,0,0,0,1976-01-01
763820-99999,70,49,83,58,1010,889,9,3,6,24,0,9,0,0,0,0,0,0,1977-01-01
763820-99999,70,51,85,57,1011,889,7,2,4,20,0,9,0,0,0,0,0,0,1978-01-01
763820-99999,69,47,84,55,1011,889,8,3,6,17,0,9,0,0,0,0,0,0,1979-01-01
763820-99999,70,53,84,55,1011,890,9,3,6,14,0,9,0,0,0,0,0,0,1980-01-01
763820-99999,71,54,85,58,1010,889,9,3,5,11,0,9,0,0,0,0,0,0,1981-01-01
763820-99999,73,53,87,57,1009,888,9,2,5,9,0,9,0,0,0,0,0,0,1982-01-01
763820-99999,67,44,82,49,1008,886,9,4,7,13,0,9,0,0,0,0,0,0,1983-01-01
763820-99999,77,54,89,60,1008,889,14,2,3,8,0,9,0,0,0,0,0,0,1984-01-01
763820-99999,79,57,87,62,1009,891,14,1,3,8,0,9,0,0,0,0,0,0,1985-01-01
763820-99999,72,51,82,56,1011,890,14,1,4,6,0,9,0,0,0,0,0,0,1986-01-01
763820-99999,65,45,77,49,1013,890,13,1,4,5,0,9,0,0,0,0,0,0,1987-01-01
763820-99999,72,40,87,58,1010,889,10,2,5,7,0,8,0,0,0,0,0,0,1988-01-01
763820-99999,74,47,87,59,1010,889,11,2,6,17,0,8,0,0,0,0,0,0,1989-01-01
763820-99999,74,48,87,59,1010,889,11,2,6,25,0,7,0,0,0,0,0,0,1990-01-01
763820-99999,35,20,47,21,1011,889,9,3,11,27,0,7,0,0,0,0,0,0,1991-01-01
763820-99999,36,21,54,17,1006,889,10,2,10,29,0,6,0,0,0,0,0,0,1992-01-01
763820-99999,37,20,56,17,1003,889,10,3,11,24,0,5,0,0,0,0,0,0,1993-01-01
763820-99999,57,40,78,40,1007,889,10,3,10,30,0,5,0,0,0,0,0,0,1994-01-01
763820-99999,75,56,88,59,1009,889,9,3,10,26,0,4,0,0,0,0,0,0,1995-01-01
763820-99999,74,52,88,59,1010,889,8,4,11,26,0,3,0,0,0,0,0,0,1996-01-01
763820-99999,73,49,85,59,1010,889,8,4,12,24,0,2,0,0,0,0,0,0,1997-01-01
763820-99999,75,50,88,61,1008,887,8,4,13,29,0,2,0,0,0,0,0,0,1998-01-01
763820-99999,75,47,88,60,1010,889,8,4,13,33,0,2,0,0,0,0,0,0,1999-01-01
763820-99999,74,48,88,59,1009,888,7,4,12,29,0,4,0,0,0,0,0,0,2000-01-01
764990-99999,78,68,92,65,1015,1009,23,5,11,4,0,3,0,0,0,0,0,0,1950-01-01
764990-99999,76,67,89,63,1015,1009,27,8,14,4,0,3,0,0,0,0,0,0,1951-01-01
764990-99999,75,66,89,58,1015,1009,43,5,11,4,0,3,0,0,0,0,0,0,1952-01-01
764990-99999,76,65,92,58,1014,1009,38,5,11,4,0,3,0,0,0,0,0,0,1953-01-01
764990-99999,75,65,91,57,1015,1009,24,5,11,4,0,3,0,0,0,0,0,0,1954-01-01
764990-99999,74,66,90,60,1014,1009,21,5,12,4,0,3,0,0,0,0,0,0,1955-01-01
764990-99999,74,67,90,62,1015,1009,28,5,11,4,0,3,0,0,0,0,0,0,1956-01-01
764990-99999,76,67,92,66,1014,1009,30,5,12,4,0,3,0,0,0,0,0,0,1957-01-01
764990-99999,74,66,89,61,1014,1009,27,4,10,4,0,3,0,0,0,0,0,0,1958-01-01
764990-99999,74,66,89,59,1015,1009,27,5,10,4,0,3,0,0,0,0,0,0,1959-01-01
764990-99999,65,57,83,51,1017,1009,26,5,11,4,0,3,0,0,0,0,0,0,1960-01-01
764990-99999,65,57,83,52,1017,1009,26,5,11,4,0,3,0,0,0,0,0,0,1961-01-01
764990-99999,66,58,82,53,1017,1009,26,5,10,4,0,3,0,0,0,0,0,0,1962-01-01
764990-99999,66,58,82,53,1017,1009,26,4,10,4,0,3,0,0,0,0,0,0,1963-01-01
764990-99999,66,59,81,54,1016,1009,26,4,10,4,0,3,0,0,0,0,0,0,1964-01-01
764990-99999,66,59,81,55,1016,1009,26,4,9,4,0,3,0,0,0,0,0,0,1965-01-01
764990-99999,67,60,81,55,1016,1009,26,4,9,4,0,3,0,0,0,0,0,0,1966-01-01
764990-99999,67,60,80,56,1016,1009,26,4,8,4,0,3,0,0,0,0,0,0,1967-01-01
764990-99999,67,61,80,57,1016,1009,26,4,8,4,0,3,0,0,0,0,0,0,1968-01-01
764990-99999,67,61,80,57,1016,1009,26,4,8,4,0,3,0,0,0,0,0,0,1969-01-01
764990-99999,68,62,79,58,1016,1009,26,4,7,4,0,3,0,0,0,0,0,0,1970-01-01
764990-99999,68,62,79,58,1016,1009,26,3,7,4,0,3,0,0,0,0,0,0,1971-01-01
764990-99999,68,62,78,59,1015,1009,26,3,7,4,0,3,0,0,0,0,0,0,1972-01-01
764990-99999,68,63,78,60,1015,1009,26,3,6,4,0,3,0,0,0,0,0,0,1973-01-01
764990-99999,70,64,80,61,1016,1011,18,2,6,4,0,3,0,0,0,0,0,0,1974-01-01
764990-99999,72,65,82,62,1016,1014,10,0,5,4,0,3,0,0,0,0,0,0,1975-01-01
764990-99999,72,66,80,64,1015,1013,8,1,5,4,0,3,0,0,0,0,0,0,1976-01-01
764990-99999,73,65,84,63,1014,1012,8,2,6,4,0,3,0,0,0,0,0,0,1977-01-01
764990-99999,74,66,87,63,1015,1013,5,3,8,4,0,3,0,0,0,0,0,0,1978-01-01
764990-99999,75,67,88,64,1016,1013,4,2,6,4,0,3,0,0,0,0,0,0,1979-01-01
764990-99999,77,68,90,66,1014,1011,4,3,8,4,0,3,0,0,0,0,0,0,1980-01-01
764990-99999,76,67,90,65,1015,1012,3,2,5,4,0,3,0,0,0,0,0,0,1981-01-01
764990-99999,73,63,87,62,1015,1012,4,1,3,4,0,3,0,0,0,0,0,0,1982-01-01
764990-99999,74,63,88,63,1014,1011,4,1,4,4,0,3,0,0,0,0,0,0,1983-01-01
764990-99999,70,59,85,57,1016,1013,4,1,4,4,0,3,0,0,0,0,0,0,1984-01-01
764990-99999,77,64,91,64,1014,1011,4,2,5,4,0,3,0,0,0,0,0,0,1985-01-01
764990-99999,75,62,89,62,1015,1012,4,2,5,4,0,3,0,0,0,0,0,0,1986-01-01
764990-99999,72,58,87,60,1018,1015,5,1,5,4,0,3,0,0,0,0,0,0,1987-01-01
764990-99999,75,63,88,64,1015,1012,5,2,5,4,0,3,0,0,0,0,0,0,1988-01-01
764990-99999,71,60,86,59,1015,1012,4,2,6,4,0,3,0,0,0,0,0,0,1989-01-01
764990-99999,77,64,89,64,1016,1013,4,3,7,4,0,3,0,0,0,0,0,0,1990-01-01
764990-99999,77,65,89,65,1015,1012,4,3,7,4,0,3,0,0,0,0,0,0,1991-01-01
764990-99999,75,64,86,63,1016,1013,4,3,7,4,0,3,0,0,0,0,0,0,1992-01-01
764990-99999,77,64,89,64,1015,1012,4,2,5,4,0,3,0,0,0,0,0,0,1993-01-01
764990-99999,78,66,90,65,1015,1012,4,2,6,4,0,3,0,0,0,0,0,0,1994-01-01
764990-99999,78,64,91,65,1014,1011,4,2,6,4,0,3,0,0,0,0,0,0,1995-01-01
764990-99999,78,62,90,63,1016,1013,4,2,6,4,0,3,0,0,0,0,0,0,1996-01-01
764990-99999,77,63,89,65,1015,1012,4,2,5,4,0,3,0,0,0,0,0,0,1997-01-01
764990-99999,79,65,90,67,1013,1010,4,2,5,4,0,3,0,0,0,0,0,0,1998-01-01
764990-99999,79,65,90,66,1015,1012,4,2,5,4,0,3,0,0,0,0,0,0,1999-01-01
764990-99999,78,64,91,65,1015,1012,4,2,5,4,0,3,0,0,0,0,0,0,2000-01-01
843900-99999,71,61,79,65,1012,1002,8,18,24,31,0,3,0,0,0,0,0,0,1950-01-01
843900-99999,71,61,79,65,1012,1002,8,18,24,31,0,3,0,0,0,0,0,0,1951-01-01
843900-99999,71,61,79,65,1012,1002,8,18,24,31,0,3,0,0,0,0,0,0,1952-01-01
843900-99999,71,61,79,65,1012,1002,8,18,24,31,0,3,0,0,0,0,0,0,1953-01-01
843900-99999,71,61,79,65,1012,1002,8,18,24,31,0,3,0,0,0,0,0,0,1954-01-01
843900-99999,71,61,79,65,1012,1002,8,18,24,31,0,3,0,0,0,0,0,0,1955-01-01
843900-99999,71,61,79,65,1012,1002,8,18,24,31,0,3,0,0,0,0,0,0,1956-01-01
843900-99999,71,61,79,65,1012,1002,8,18,24,31,0,3,0,0,0,0,0,0,1957-01-01
843900-99999,71,61,79,65,1012,1002,8,18,24,31,0,3,0,0,0,0,0,0,1958-01-01
843900-99999,71,61,79,65,1012,1002,8,18,24,31,0,3,0,0,0,0,0,0,1959-01-01
843900-99999,71,61,79,65,1012,1002,8,18,24,31,0,3,0,0,0,0,0,0,1960-01-01
843900-99999,71,61,79,65,1012,1002,8,18,24,31,0,3,0,0,0,0,0,0,1961-01-01
843900-99999,71,61,79,65,1012,1002,8,18,24,31,0,3,0,0,0,0,0,0,1962-01-01
843900-99999,71,61,79,65,1012,1002,8,18,24,31,0,3,0,0,0,0,0,0,1963-01-01
843900-99999,71,61,79,65,1012,1002,8,18,24,31,0,3,0,0,0,0,0,0,1964-01-01
843900-99999,71,61,79,65,1012,1002,8,18,24,31,0,3,0,0,0,0,0,0,1965-01-01
843900-99999,71,61,79,65,1012,1002,8,18,24,31,0,3,0,0,0,0,0,0,1966-01-01
843900-99999,71,61,79,65,1012,1002,8,18,24,31,0,3,0,0,0,0,0,0,1967-01-01
843900-99999,71,61,79,65,1012,1002,8,18,24,31,0,3,0,0,0,0,0,0,1968-01-01
843900-99999,71,61,79,65,1012,1002,8,18,24,31,0,3,0,0,0,0,0,0,1969-01-01
843900-99999,71,61,79,65,1012,1002,8,18,24,31,0,3,0,0,0,0,0,0,1970-01-01
843900-99999,71,61,79,65,1012,1002,8,18,24,31,0,3,0,0,0,0,0,0,1971-01-01
843900-99999,71,61,79,65,1012,1002,8,18,24,31,0,3,0,0,0,0,0,0,1972-01-01
843900-99999,71,61,79,65,1012,1002,8,18,24,31,0,3,0,0,0,0,0,0,1973-01-01
843900-99999,71,61,80,65,1012,1002,7,18,23,27,0,3,0,0,0,0,0,0,1974-01-01
843900-99999,70,61,80,65,1012,1002,7,17,23,27,0,3,0,0,0,0,0,0,1975-01-01
843900-99999,74,64,84,68,1011,1001,7,16,22,29,0,3,0,0,0,0,0,0,1976-01-01
843900-99999,72,63,83,66,1012,1001,8,16,22,28,0,3,0,0,0,0,0,0,1977-01-01
843900-99999,71,62,81,66,1012,1002,8,15,22,27,0,3,0,0,0,0,0,0,1978-01-01
843900-99999,72,63,81,66,1012,1002,8,15,21,28,0,3,0,0,0,0,0,0,1979-01-01
843900-99999,72,63,82,66,1012,1002,8,16,22,29,0,3,0,0,0,0,0,0,1980-01-01
843900-99999,70,60,80,64,1013,1002,8,17,23,29,0,3,0,0,0,0,0,0,1981-01-01
843900-99999,73,64,83,67,1012,1002,8,15,21,25,0,3,0,0,0,0,0,0,1982-01-01
843900-99999,77,70,86,71,1011,1002,8,10,17,25,0,3,0,0,0,0,0,0,1983-01-01
843900-99999,72,63,82,65,1012,1002,8,12,19,26,0,3,0,0,0,0,0,0,1984-01-01
843900-99999,70,61,81,64,1013,1002,8,12,19,27,0,3,0,0,0,0,0,0,1985-01-01
843900-99999,72,63,81,66,1012,1003,8,14,20,25,0,3,0,0,0,0,0,0,1986-01-01
843900-99999,74,66,84,69,1011,1003,8,15,21,25,0,3,0,0,0,0,0,0,1987-01-01
843900-99999,71,62,82,65,1012,1003,8,23,38,25,0,3,0,0,0,0,0,0,1988-01-01
843900-99999,71,62,81,66,1013,1003,8,21,35,25,0,3,0,0,0,0,0,0,1989-01-01
843900-99999,72,62,81,66,1012,1003,8,18,31,25,0,3,0,0,0,0,0,0,1990-01-01
843900-99999,73,63,83,67,1012,1002,8,15,27,25,0,3,0,0,0,0,0,0,1991-01-01
843900-99999,74,66,83,68,1011,1001,8,10,16,25,0,3,0,0,0,0,0,0,1992-01-01
843900-99999,74,65,84,68,1011,1001,8,9,14,25,0,3,0,0,0,0,0,0,1993-01-01
843900-99999,72,64,83,67,1012,1002,8,9,14,25,0,3,0,0,0,0,0,0,1994-01-01
843900-99999,71,63,82,65,1012,1002,8,10,14,25,0,3,0,0,0,0,0,0,1995-01-01
843900-99999,69,61,83,63,1013,1003,8,9,14,25,0,3,0,0,0,0,0,0,1996-01-01
843900-99999,77,68,88,71,1011,1001,8,9,14,25,0,3,0,0,0,0,0,0,1997-01-01
843900-99999,75,68,85,69,1012,1001,8,8,12,25,0,3,0,0,0,0,0,0,1998-01-01
843900-99999,70,62,84,63,1013,1003,11,8,11,25,0,3,0,0,0,0,0,0,1999-01-01
843900-99999,72,63,85,64,1013,1003,11,10,13,25,0,3,0,0,0,0,0,0,2000-01-01
847520-99999,61,34,71,44,1008,752,21,6,12,25,0,1,0,0,0,0,0,0,1950-01-01
847520-99999,61,34,71,44,1008,752,21,6,12,25,0,1,0,0,0,0,0,0,1951-01-01
847520-99999,61,34,71,44,1008,752,21,6,12,25,0,1,0,0,0,0,0,0,1952-01-01
847520-99999,61,34,71,44,1008,752,21,6,12,25,0,1,0,0,0,0,0,0,1953-01-01
847520-99999,61,34,71,44,1008,752,21,6,12,25,0,1,0,0,0,0,0,0,1954-01-01
847520-99999,61,34,71,44,1008,752,21,6,12,25,0,1,0,0,0,0,0,0,1955-01-01
847520-99999,61,34,71,44,1008,752,21,6,12,25,0,1,0,0,0,0,0,0,1956-01-01
847520-99999,61,34,71,44,1008,752,21,6,12,25,0,1,0,0,0,0,0,0,1957-01-01
847520-99999,61,34,71,44,1008,752,21,6,12,25,0,1,0,0,0,0,0,0,1958-01-01
847520-99999,61,34,71,44,1008,752,21,6,12,25,0,1,0,0,0,0,0,0,1959-01-01
847520-99999,61,34,71,44,1008,752,21,6,12,25,0,1,0,0,0,0,0,0,1960-01-01
847520-99999,61,34,71,44,1008,752,21,6,12,25,0,1,0,0,0,0,0,0,1961-01-01
847520-99999,61,34,71,44,1008,752,21,6,12,25,0,1,0,0,0,0,0,0,1962-01-01
847520-99999,61,34,71,44,1008,752,21,6,12,25,0,1,0,0,0,0,0,0,1963-01-01
847520-99999,61,33,71,44,1008,752,22,6,13,25,0,1,0,0,0,0,0,0,1964-01-01
847520-99999,61,32,71,44,1007,752,20,7,14,25,0,1,0,0,0,0,0,0,1965-01-01
847520-99999,62,32,71,45,1008,752,20,6,13,25,0,1,0,0,0,0,0,0,1966-01-01
847520-99999,61,37,70,45,1008,752,18,6,12,25,0,1,0,0,0,0,0,0,1967-01-01
847520-99999,61,37,70,44,1009,752,16,6,12,25,0,1,0,0,0,0,0,0,1968-01-01
847520-99999,64,35,73,46,1008,752,17,7,13,25,0,1,0,0,0,0,0,0,1969-01-01
847520-99999,64,36,72,46,1008,753,16,7,13,25,0,1,0,0,0,0,0,0,1970-01-01
847520-99999,63,37,71,46,1007,753,14,6,13,25,0,1,0,0,0,0,0,0,1971-01-01
847520-99999,63,38,71,47,1007,754,12,6,13,25,0,1,0,0,0,0,0,0,1972-01-01
847520-99999,63,38,70,47,1007,754,10,6,13,25,0,1,0,0,0,0,0,0,1973-01-01
847520-99999,61,37,68,48,1007,754,9,7,13,25,0,1,0,0,0,0,0,0,1974-01-01
847520-99999,59,36,69,45,1007,754,8,6,13,23,0,1,0,0,0,0,0,0,1975-01-01
847520-99999,58,33,71,46,1007,754,7,5,14,28,0,1,0,0,0,0,0,0,1976-01-01
847520-99999,58,33,72,45,1007,754,8,4,13,30,0,1,0,0,0,0,0,0,1977-01-01
847520-99999,58,32,72,46,1007,754,8,5,14,30,0,1,0,0,0,0,0,0,1978-01-01
847520-99999,58,33,72,46,1007,753,8,5,15,30,0,1,0,0,0,0,0,0,1979-01-01
847520-99999,58,34,73,46,1007,753,8,5,15,30,0,1,0,0,0,0,0,0,1980-01-01
847520-99999,57,32,72,45,1007,753,8,5,15,30,0,1,0,0,0,0,0,0,1981-01-01
847520-99999,58,36,72,46,1007,752,7,5,15,30,0,1,0,0,0,0,0,0,1982-01-01
847520-99999,59,38,73,47,1007,752,8,5,15,30,0,1,0,0,0,0,0,0,1983-01-01
847520-99999,57,38,70,46,1007,752,9,5,13,30,0,1,0,0,0,0,0,0,1984-01-01
847520-99999,57,34,71,46,1007,752,11,4,12,30,0,1,0,0,0,0,0,0,1985-01-01
847520-99999,57,34,71,46,1007,753,11,5,13,31,0,1,0,0,0,0,0,0,1986-01-01
847520-99999,59,35,73,47,1007,753,11,5,13,31,0,1,0,0,0,0,0,0,1987-01-01
847520-99999,58,36,71,46,1007,753,11,4,12,31,0,1,0,0,0,0,0,0,1988-01-01
847520-99999,57,36,71,46,1007,753,10,4,11,31,0,1,0,0,0,0,0,0,1989-01-01
847520-99999,58,37,72,48,1007,753,10,4,13,31,0,1,0,0,0,0,0,0,1990-01-01
847520-99999,59,37,73,47,1007,753,7,7,20,32,0,1,0,0,0,0,0,0,1991-01-01
847520-99999,59,36,73,46,1007,752,8,8,18,32,0,1,0,0,0,0,0,0,1992-01-01
847520-99999,58,38,73,47,1007,753,7,7,17,32,0,1,0,0,0,0,0,0,1993-01-01
847520-99999,58,37,73,47,1007,753,7,7,16,33,0,1,0,0,0,0,0,0,1994-01-01
847520-99999,59,36,73,46,1007,753,7,7,16,37,0,1,0,0,0,0,0,0,1995-01-01
847520-99999,58,35,73,45,1007,753,7,7,16,34,0,1,0,0,0,0,0,0,1996-01-01
847520-99999,59,36,73,48,1007,753,7,5,12,30,0,1,0,0,0,0,0,0,1997-01-01
847520-99999,60,35,74,49,1007,754,7,5,11,27,0,1,0,0,0,0,0,0,1998-01-01
847520-99999,57,32,71,46,1007,753,8,5,9,25,0,1,0,0,0,0,0,0,1999-01-01
847520-99999,57,34,71,47,1007,753,7,5,10,24,0,1,0,0,0,0,0,0,2000-01-01
911820-22521,75,64,82,70,1016,1016,19,10,17,28,0,3,0,0,0,0,0,0,1950-01-01
911820-22521,76,65,83,71,1016,1016,19,10,17,29,0,3,0,0,0,0,0,0,1951-01-01
911820-22521,75,64,81,70,1017,1017,20,11,18,29,0,3,0,0,0,0,0,0,1952-01-01
911820-22521,76,64,82,70,1017,1017,20,10,17,32,0,3,0,0,0,0,0,0,1953-01-01
911820-22521,76,65,82,70,1016,1016,19,10,17,25,0,3,0,0,0,0,0,0,1954-01-01
911820-22521,74,63,81,69,1017,1016,19,10,18,22,0,3,0,0,0,0,0,0,1955-01-01
911820-22521,76,65,83,70,1016,1015,18,9,17,20,0,3,0,0,0,0,0,0,1956-01-01
911820-22521,76,64,83,70,1016,1015,15,11,18,21,0,3,0,0,0,0,0,0,1957-01-01
911820-22521,75,64,83,69,1016,1016,15,12,20,22,0,3,0,0,0,0,0,0,1958-01-01
911820-22521,76,65,84,71,1016,1015,15,12,20,24,0,3,0,0,0,0,0,0,1959-01-01
911820-22521,76,64,84,71,1017,1016,15,10,17,25,0,3,0,0,0,0,0,0,1960-01-01
911820-22521,77,65,84,71,1016,1016,15,10,18,26,0,3,0,0,0,0,0,0,1961-01-01
911820-22521,76,64,84,70,1017,1016,15,11,18,28,0,3,0,0,0,0,0,0,1962-01-01
911820-22521,76,65,84,70,1016,1015,15,9,15,29,0,3,0,0,0,0,0,0,1963-01-01
911820-22521,76,62,84,71,1016,1016,15,9,15,30,0,3,0,0,0,0,0,0,1964-01-01
911820-22521,76,64,83,70,1015,1015,15,9,15,21,0,3,0,0,0,0,0,0,1965-01-01
911820-22521,77,64,85,71,1016,1015,15,9,16,22,0,3,0,0,0,0,0,0,1966-01-01
911820-22521,77,65,85,71,1015,1015,15,9,16,24,0,3,0,0,0,0,0,0,1967-01-01
911820-22521,77,66,86,71,1015,1014,15,9,15,23,0,3,0,0,0,0,0,0,1968-01-01
911820-22521,77,65,85,70,1016,1015,15,11,17,24,0,3,0,0,0,0,0,0,1969-01-01
911820-22521,77,65,85,72,1017,1016,15,11,18,25,0,3,0,0,0,0,0,0,1970-01-01
911820-22521,75,64,81,71,1016,1013,22,12,18,26,0,3,0,0,0,0,0,0,1971-01-01
911820-22521,76,64,82,70,1015,1010,26,12,18,26,0,3,0,0,0,0,0,0,1972-01-01
911820-22521,76,64,83,71,1017,1017,26,11,18,25,0,3,0,0,0,0,0,0,1973-01-01
911820-22521,77,66,84,71,1016,1015,27,9,16,23,0,3,0,0,0,0,0,0,1974-01-01
911820-22521,75,64,82,70,1017,1017,23,11,17,25,0,3,0,0,0,0,0,0,1975-01-01
911820-22521,76,61,84,70,1016,1016,19,10,17,24,0,3,0,0,0,0,0,0,1976-01-01
911820-22521,77,65,85,71,1016,1016,19,11,17,24,0,3,0,0,0,0,0,0,1977-01-01
911820-22521,76,65,84,69,1016,1015,19,10,17,25,0,3,0,0,0,0,0,0,1978-01-01
911820-22521,76,65,85,68,1016,1016,19,10,16,25,0,3,0,0,0,0,0,0,1979-01-01
911820-22521,77,66,85,69,1016,1015,19,10,17,25,0,3,0,0,0,0,0,0,1980-01-01
911820-22521,76,66,85,69,1016,1016,19,9,16,23,0,3,0,0,0,0,0,0,1981-01-01
911820-22521,76,65,84,69,1015,1015,19,9,15,23,0,3,0,0,0,0,0,0,1982-01-01
911820-22521,76,64,86,68,1017,1016,18,8,14,20,0,3,0,0,0,0,0,0,1983-01-01
911820-22521,77,65,86,70,1017,1016,18,9,15,21,0,3,0,0,0,0,0,0,1984-01-01
911820-22521,76,64,85,68,1016,1015,16,9,15,22,0,3,0,0,0,0,0,0,1985-01-01
911820-22521,77,66,87,69,1016,1015,17,9,15,22,0,3,0,0,0,0,0,0,1986-01-01
911820-22521,77,65,86,69,1016,1016,17,9,15,22,0,3,0,0,0,0,0,0,1987-01-01
911820-22521,78,66,86,70,1017,1017,17,9,14,21,0,3,0,0,0,0,0,0,1988-01-01
911820-22521,77,65,86,69,1016,1016,17,9,15,22,0,3,0,0,0,0,0,0,1989-01-01
911820-22521,77,64,85,70,1016,1016,15,10,15,22,0,3,0,0,0,0,0,0,1990-01-01
911820-22521,77,64,85,70,1016,1016,16,9,14,22,0,3,0,0,0,0,0,0,1991-01-01
911820-22521,77,65,86,70,1016,1015,16,8,14,22,0,3,0,0,0,0,0,0,1992-01-01
911820-22521,76,64,85,69,1017,1016,16,10,15,23,0,3,0,0,0,0,0,0,1993-01-01
911820-22521,78,66,86,72,1017,1016,16,10,16,23,0,3,0,0,0,0,0,0,1994-01-01
911820-22521,78,67,87,71,1016,1016,15,9,15,22,0,3,0,0,0,0,0,0,1995-01-01
911820-22521,78,67,86,71,1016,1016,14,9,15,22,0,3,0,0,0,0,0,0,1996-01-01
911820-22521,77,66,85,71,1016,1016,13,9,15,21,0,3,0,0,0,0,0,0,1997-01-01
911820-22521,76,65,84,70,1018,1018,10,10,16,22,0,3,0,0,0,0,0,0,1998-01-01
911820-22521,76,65,83,70,1018,1017,10,10,16,22,0,3,0,0,0,0,0,0,1999-01-01
911820-22521,77,67,85,70,1017,1015,10,10,16,22,0,3,0,0,0,0,0,0,2000-01-01
942030-99999,79,65,90,69,1006,1014,14,8,14,27,0,3,0,0,0,0,0,0,1950-01-01
942030-99999,80,65,90,70,1006,1012,16,8,14,27,0,3,0,0,0,0,0,0,1951-01-01
942030-99999,81,63,91,70,1006,1009,17,7,13,27,0,3,0,0,0,0,0,0,1952-01-01
942030-99999,81,64,91,69,1006,1009,17,8,14,27,0,3,0,0,0,0,0,0,1953-01-01
942030-99999,80,65,90,70,1006,1009,18,8,15,27,0,3,0,0,0,0,0,0,1954-01-01
942030-99999,80,67,90,70,1006,1008,24,7,13,27,0,3,0,0,0,0,0,0,1955-01-01
942030-99999,79,65,90,69,1006,1007,23,7,13,27,0,3,0,0,0,0,0,0,1956-01-01
942030-99999,79,66,89,70,1006,1009,22,6,12,27,0,3,0,0,0,0,0,0,1957-01-01
942030-99999,81,64,90,73,1006,1009,16,6,11,27,0,3,0,0,0,0,0,0,1958-01-01
942030-99999,81,65,88,74,1006,1009,16,9,15,27,0,3,0,0,0,0,0,0,1959-01-01
942030-99999,79,66,86,72,1006,1009,17,8,14,27,0,3,0,0,0,0,0,0,1960-01-01
942030-99999,79,64,88,71,1006,1009,17,7,13,27,0,3,0,0,0,0,0,0,1961-01-01
942030-99999,79,66,87,71,1006,1009,17,8,15,27,0,3,0,0,0,0,0,0,1962-01-01
942030-99999,79,66,88,71,1006,1009,17,6,12,27,0,3,0,0,0,0,0,0,1963-01-01
942030-99999,80,66,88,72,1006,1008,17,6,11,27,0,3,0,0,0,0,0,0,1964-01-01
942030-99999,79,65,88,71,1006,1009,17,6,11,27,0,3,0,0,0,0,0,0,1965-01-01
942030-99999,79,64,88,71,1006,1010,17,6,12,27,0,3,0,0,0,0,0,0,1966-01-01
942030-99999,79,62,89,70,1006,1009,17,6,11,27,0,3,0,0,0,0,0,0,1967-01-01
942030-99999,80,64,87,72,1006,1009,17,5,10,27,0,3,0,0,0,0,0,0,1968-01-01
942030-99999,79,64,88,69,1006,1010,17,6,11,27,0,3,0,0,0,0,0,0,1969-01-01
942030-99999,80,62,89,71,1006,1009,17,6,12,27,0,3,0,0,0,0,0,0,1970-01-01
942030-99999,79,62,88,70,1006,1008,18,5,10,27,0,3,0,0,0,0,0,0,1971-01-01
942030-99999,80,63,89,71,1006,1010,18,4,10,27,0,3,0,0,0,0,0,0,1972-01-01
942030-99999,81,68,89,73,1009,1008,18,5,10,27,0,3,0,0,0,0,0,0,1973-01-01
942030-99999,78,66,86,71,1009,1008,17,4,9,27,0,3,0,0,0,0,0,0,1974-01-01
942030-99999,80,66,89,72,1009,1008,18,5,11,27,0,3,0,0,0,0,0,0,1975-01-01
942030-99999,77,62,87,68,1011,1009,18,5,11,27,0,3,0,0,0,0,0,0,1976-01-01
942030-99999,79,63,88,71,1011,1010,18,7,13,27,0,3,0,0,0,0,0,0,1977-01-01
942030-99999,79,65,87,72,1011,1009,23,5,11,27,0,3,0,0,0,0,0,0,1978-01-01
942030-99999,80,66,88,72,1011,1010,24,6,12,27,0,3,0,0,0,0,0,0,1979-01-01
942030-99999,81,66,89,72,1010,1003,24,6,11,27,0,3,0,0,0,0,0,0,1980-01-01
942030-99999,79,65,89,70,1010,1009,24,5,10,27,0,3,0,0,0,0,0,0,1981-01-01
942030-99999,79,64,88,70,1011,1010,24,5,10,27,0,3,0,0,0,0,0,0,1982-01-01
942030-99999,80,64,88,71,1011,1008,23,5,10,27,0,3,0,0,0,0,0,0,1983-01-01
942030-99999,81,63,88,71,1010,1008,21,6,11,27,0,3,0,0,0,0,0,0,1984-01-01
942030-99999,81,64,88,72,1010,1008,20,7,12,27,0,3,0,0,0,0,0,0,1985-01-01
942030-99999,81,64,87,73,1010,1008,20,8,13,27,0,3,0,0,0,0,0,0,1986-01-01
942030-99999,81,62,88,72,1011,1008,21,7,12,27,0,3,0,0,0,0,0,0,1987-01-01
942030-99999,82,64,90,74,1010,1009,21,6,12,27,0,3,0,0,0,0,0,0,1988-01-01
942030-99999,80,63,89,72,1010,1009,19,7,12,27,0,3,0,0,0,0,0,0,1989-01-01
942030-99999,81,64,89,73,1011,1010,18,7,13,27,0,3,0,0,0,0,0,0,1990-01-01
942030-99999,79,66,88,72,1011,1010,18,5,11,27,0,3,0,0,0,0,0,0,1991-01-01
942030-99999,80,64,88,73,1011,1010,18,4,10,27,0,3,0,0,0,0,0,0,1992-01-01
942030-99999,79,66,87,72,1011,1010,18,5,10,27,0,3,0,0,0,0,0,0,1993-01-01
942030-99999,79,61,89,68,1012,1011,18,3,7,27,0,3,0,0,0,0,0,0,1994-01-01
942030-99999,79,64,89,70,1011,1010,18,5,10,27,0,3,0,0,0,0,0,0,1995-01-01
942030-99999,79,66,90,70,1010,1009,18,8,12,27,0,3,0,0,0,0,0,0,1996-01-01
942030-99999,78,66,88,70,1012,1011,18,7,11,27,0,3,0,0,0,0,0,0,1997-01-01
942030-99999,80,66,90,70,1011,1010,18,7,11,27,0,3,0,0,0,0,0,0,1998-01-01
942030-99999,79,65,90,67,1010,1009,10,7,12,29,0,3,0,0,0,0,0,0,1999-01-01
942030-99999,78,64,88,68,1009,1008,9,8,13,31,0,3,0,0,0,0,0,0,2000-01-01
943740-99999,71,62,81,61,1020,1017,17,5,11,25,0,3,0,0,0,0,0,0,1950-01-01
943740-99999,71,59,84,59,1020,1016,20,5,11,25,0,3,0,0,0,0,0,0,1951-01-01
943740-99999,71,61,83,60,1019,1013,22,4,10,25,0,3,0,0,0,0,0,0,1952-01-01
943740-99999,71,59,83,59,1019,1014,19,4,11,25,0,3,0,0,0,0,0,0,1953-01-01
943740-99999,71,60,81,62,1019,1014,20,5,11,25,0,3,0,0,0,0,0,0,1954-01-01
943740-99999,71,61,82,61,1019,1012,20,4,10,25,0,3,0,0,0,0,0,0,1955-01-01
943740-99999,70,61,81,59,1018,1011,21,4,9,25,0,3,0,0,0,0,0,0,1956-01-01
943740-99999,72,60,84,59,1018,1013,22,4,10,25,0,3,0,0,0,0,0,0,1957-01-01
943740-99999,72,61,82,63,1018,1013,25,4,9,25,0,3,0,0,0,0,0,0,1958-01-01
943740-99999,71,60,81,62,1018,1013,25,4,10,25,0,3,0,0,0,0,0,0,1959-01-01
943740-99999,70,57,80,61,1017,1014,25,4,9,25,0,3,0,0,0,0,0,0,1960-01-01
943740-99999,71,58,80,62,1017,1014,25,4,9,25,0,3,0,0,0,0,0,0,1961-01-01
943740-99999,72,59,82,63,1017,1013,25,5,10,25,0,3,0,0,0,0,0,0,1962-01-01
943740-99999,71,59,80,62,1016,1013,25,6,11,25,0,3,0,0,0,0,0,0,1963-01-01
943740-99999,72,59,82,63,1016,1012,24,4,10,25,0,3,0,0,0,0,0,0,1964-01-01
943740-99999,71,57,81,62,1016,1014,24,5,11,25,0,3,0,0,0,0,0,0,1965-01-01
943740-99999,71,58,81,62,1016,1014,24,4,9,25,0,3,0,0,0,0,0,0,1966-01-01
943740-99999,71,59,81,62,1015,1013,24,4,10,25,0,3,0,0,0,0,0,0,1967-01-01
943740-99999,70,59,81,62,1015,1013,24,3,8,25,0,3,0,0,0,0,0,0,1968-01-01
943740-99999,72,58,81,64,1015,1014,24,5,10,25,0,3,0,0,0,0,0,0,1969-01-01
943740-99999,72,55,82,63,1014,1013,24,4,10,25,0,3,0,0,0,0,0,0,1970-01-01
943740-99999,71,60,81,63,1014,1011,24,4,10,25,0,3,0,0,0,0,0,0,1971-01-01
943740-99999,71,57,81,62,1014,1014,24,4,10,25,0,3,0,0,0,0,0,0,1972-01-01
943740-99999,73,63,82,66,1015,1013,22,4,9,25,0,3,0,0,0,0,0,0,1973-01-01
943740-99999,71,60,81,62,1013,1011,20,5,10,25,0,3,0,0,0,0,0,0,1974-01-01
943740-99999,72,61,81,64,1014,1013,21,6,11,25,0,3,0,0,0,0,0,0,1975-01-01
943740-99999,71,60,81,63,1015,1012,22,5,11,25,0,3,0,0,0,0,0,0,1976-01-01
943740-99999,71,59,81,63,1016,1014,24,6,12,25,0,3,0,0,0,0,0,0,1977-01-01
943740-99999,72,60,80,64,1014,1013,24,6,12,25,0,3,0,0,0,0,0,0,1978-01-01
943740-99999,72,60,82,64,1018,1014,24,6,12,25,0,3,0,0,0,0,0,0,1979-01-01
943740-99999,71,58,81,60,1019,1009,8,5,11,28,0,3,0,0,0,0,0,0,1980-01-01
943740-99999,71,61,81,63,1021,1013,7,5,11,25,0,3,0,0,0,0,0,0,1981-01-01
943740-99999,71,58,82,62,1019,1014,8,5,12,25,0,3,0,0,0,0,0,0,1982-01-01
943740-99999,72,62,81,64,1017,1014,8,6,12,31,0,3,0,0,0,0,0,0,1983-01-01
943740-99999,71,60,81,63,1015,1015,9,4,11,26,0,3,0,0,0,0,0,0,1984-01-01
943740-99999,72,60,81,63,1017,1015,8,5,10,24,0,3,0,0,0,0,0,0,1985-01-01
943740-99999,73,60,81,63,1014,1013,8,5,11,28,0,3,0,0,0,0,0,0,1986-01-01
943740-99999,83,69,91,73,1013,1011,9,7,13,31,0,3,0,0,0,0,0,0,1987-01-01
943740-99999,73,56,85,58,1016,1013,20,12,20,32,0,3,0,0,0,0,0,0,1988-01-01
943740-99999,71,57,82,60,1016,1014,20,8,15,32,0,3,0,0,0,0,0,0,1989-01-01
943740-99999,70,58,79,62,1016,1014,20,5,10,32,0,3,0,0,0,0,0,0,1990-01-01
943740-99999,73,60,82,64,1015,1013,21,5,10,31,0,3,0,0,0,0,0,0,1991-01-01
943740-99999,72,59,82,64,1015,1013,22,4,10,29,0,3,0,0,0,0,0,0,1992-01-01
943740-99999,72,60,82,64,1017,1015,24,6,10,28,0,3,0,0,0,0,0,0,1993-01-01
943740-99999,71,56,82,62,1016,1015,22,6,11,27,0,3,0,0,0,0,0,0,1994-01-01
943740-99999,72,61,82,64,1015,1014,23,6,11,26,0,3,0,0,0,0,0,0,1995-01-01
943740-99999,72,59,83,63,1014,1013,23,6,10,25,0,3,0,0,0,0,0,0,1996-01-01
943740-99999,72,59,83,64,1017,1015,24,7,11,23,0,3,0,0,0,0,0,0,1997-01-01
943740-99999,73,60,84,64,1017,1015,24,6,11,22,0,3,0,0,0,0,0,0,1998-01-01
943740-99999,71,59,83,63,1015,1014,12,7,12,25,0,3,0,0,0,0,0,0,1999-01-01
943740-99999,71,59,82,62,1015,1014,12,7,12,26,0,3,0,0,0,0,0,0,2000-01-01
946370-99999,66,43,78,51,1009,973,21,8,13,20,0,3,0,0,0,0,0,0,1950-01-01
946370-99999,65,45,77,51,1009,974,18,7,13,20,0,3,0,0,0,0,0,0,1951-01-01
946370-99999,64,42,76,49,1009,974,20,7,13,20,0,3,0,0,0,0,0,0,1952-01-01
946370-99999,65,43,77,51,1009,974,21,8,14,20,0,3,0,0,0,0,0,0,1953-01-01
946370-99999,65,41,77,51,1009,974,22,7,13,20,0,3,0,0,0,0,0,0,1954-01-01
946370-99999,63,44,74,50,1009,973,17,9,14,20,0,3,0,0,0,0,0,0,1955-01-01
946370-99999,64,43,77,50,1009,972,18,7,12,20,0,3,0,0,0,0,0,0,1956-01-01
946370-99999,66,44,79,51,1009,974,18,8,13,20,0,3,0,0,0,0,0,0,1957-01-01
946370-99999,65,45,75,55,1009,974,19,8,13,20,0,3,0,0,0,0,0,0,1958-01-01
946370-99999,66,46,77,55,1009,974,19,7,12,20,0,3,0,0,0,0,0,0,1959-01-01
946370-99999,63,45,74,52,1009,974,19,6,11,20,0,3,0,0,0,0,0,0,1960-01-01
946370-99999,66,46,78,54,1009,974,20,7,12,20,0,3,0,0,0,0,0,0,1961-01-01
946370-99999,66,44,77,54,1009,974,20,6,11,20,0,3,0,0,0,0,0,0,1962-01-01
946370-99999,65,47,75,55,1009,974,20,6,11,20,0,3,0,0,0,0,0,0,1963-01-01
946370-99999,64,42,76,53,1009,973,21,8,13,20,0,3,0,0,0,0,0,0,1964-01-01
946370-99999,66,44,77,55,1009,974,21,8,13,20,0,3,0,0,0,0,0,0,1965-01-01
946370-99999,64,44,75,53,1009,975,21,7,12,20,0,3,0,0,0,0,0,0,1966-01-01
946370-99999,65,45,76,54,1009,974,22,8,12,20,0,3,0,0,0,0,0,0,1967-01-01
946370-99999,62,44,72,52,1009,974,22,7,12,20,0,3,0,0,0,0,0,0,1968-01-01
946370-99999,66,43,77,54,1009,976,22,7,11,20,0,3,0,0,0,0,0,0,1969-01-01
946370-99999,65,42,77,54,1009,974,23,7,12,20,0,3,0,0,0,0,0,0,1970-01-01
946370-99999,65,42,76,53,1009,973,23,7,12,20,0,3,0,0,0,0,0,0,1971-01-01
946370-99999,67,42,78,56,1009,976,23,7,12,20,0,3,0,0,0,0,0,0,1972-01-01
946370-99999,65,47,75,55,1015,973,23,7,12,20,0,3,0,0,0,0,0,0,1973-01-01
946370-99999,64,46,74,54,1015,974,22,7,12,20,0,3,0,0,0,0,0,0,1974-01-01
946370-99999,63,46,74,53,1016,974,20,6,11,20,0,3,0,0,0,0,0,0,1975-01-01
946370-99999,65,43,76,54,1017,975,24,6,11,20,0,3,0,0,0,0,0,0,1976-01-01
946370-99999,66,43,78,55,1017,975,24,6,11,20,0,3,0,0,0,0,0,0,1977-01-01
946370-99999,66,43,76,56,1016,975,24,6,11,20,0,3,0,0,0,0,0,0,1978-01-01
946370-99999,66,43,77,55,1017,975,24,7,12,20,0,3,0,0,0,0,0,0,1979-01-01
946370-99999,68,44,77,56,1016,971,24,7,12,20,0,3,0,0,0,0,0,0,1980-01-01
946370-99999,65,42,76,53,1015,974,24,7,13,20,0,3,0,0,0,0,0,0,1981-01-01
946370-99999,66,43,77,55,1018,977,24,6,12,20,0,3,0,0,0,0,0,0,1982-01-01
946370-99999,67,43,77,55,1017,976,24,6,12,20,0,3,0,0,0,0,0,0,1983-01-01
946370-99999,65,43,75,54,1016,976,24,7,11,20,0,3,0,0,0,0,0,0,1984-01-01
946370-99999,67,42,77,55,1016,976,24,6,10,20,0,3,0,0,0,0,0,0,1985-01-01
946370-99999,65,41,74,54,1016,976,24,6,11,20,0,3,0,0,0,0,0,0,1986-01-01
946370-99999,66,42,76,54,1017,976,23,6,11,20,0,3,0,0,0,0,0,0,1987-01-01
946370-99999,66,42,76,55,1016,975,22,7,12,20,0,3,0,0,0,0,0,0,1988-01-01
946370-99999,65,42,75,54,1016,975,22,7,12,20,0,3,0,0,0,0,0,0,1989-01-01
946370-99999,65,43,75,55,1016,975,22,6,12,20,0,3,0,0,0,0,0,0,1990-01-01
946370-99999,67,42,78,56,1016,974,23,5,11,20,0,3,0,0,0,0,0,0,1991-01-01
946370-99999,63,46,73,54,1016,974,23,6,11,20,0,3,0,0,0,0,0,0,1992-01-01
946370-99999,64,43,75,54,1018,975,24,8,12,20,0,3,0,0,0,0,0,0,1993-01-01
946370-99999,66,40,79,55,1018,975,24,8,12,20,0,3,0,0,0,0,0,0,1994-01-01
946370-99999,64,44,75,54,1017,974,24,8,12,20,0,3,0,0,0,0,0,0,1995-01-01
946370-99999,66,42,78,55,1015,973,24,8,13,20,0,3,0,0,0,0,0,0,1996-01-01
946370-99999,65,42,77,55,1018,975,24,9,13,20,0,3,0,0,0,0,0,0,1997-01-01
946370-99999,66,43,78,54,1017,974,24,9,13,20,0,3,0,0,0,0,0,0,1998-01-01
946370-99999,64,43,77,52,1016,974,24,8,13,20,0,3,0,0,0,0,0,0,1999-01-01
946370-99999,64,44,76,51,1016,973,23,7,12,20,0,3,0,0,0,0,0,0,2000-01-01
946530-99999,63,47,72,53,1017,1018,14,9,15,24,0,3,0,0,0,0,0,0,1950-01-01
946530-99999,63,48,72,54,1017,1016,17,9,16,24,0,3,0,0,0,0,0,0,1951-01-01
946530-99999,61,48,71,52,1017,1014,17,9,15,24,0,3,0,0,0,0,0,0,1952-01-01
946530-99999,63,48,72,53,1017,1016,15,10,16,24,0,3,0,0,0,0,0,0,1953-01-01
946530-99999,62,47,73,51,1017,1016,14,9,16,24,0,3,0,0,0,0,0,0,1954-01-01
946530-99999,63,49,74,50,1017,1014,13,10,17,24,0,3,0,0,0,0,0,0,1955-01-01
946530-99999,61,48,72,49,1017,1013,13,9,15,24,0,3,0,0,0,0,0,0,1956-01-01
946530-99999,63,46,75,49,1017,1016,13,9,16,24,0,3,0,0,0,0,0,0,1957-01-01
946530-99999,62,48,71,53,1017,1015,14,10,16,24,0,3,0,0,0,0,0,0,1958-01-01
946530-99999,63,47,73,53,1017,1016,14,10,16,24,0,3,0,0,0,0,0,0,1959-01-01
946530-99999,62,48,71,53,1017,1015,14,10,16,24,0,3,0,0,0,0,0,0,1960-01-01
946530-99999,64,47,74,54,1017,1016,15,8,15,24,0,3,0,0,0,0,0,0,1961-01-01
946530-99999,63,47,72,54,1017,1015,15,10,17,24,0,3,0,0,0,0,0,0,1962-01-01
946530-99999,63,49,72,54,1017,1016,15,10,16,24,0,3,0,0,0,0,0,0,1963-01-01
946530-99999,62,48,72,53,1017,1015,16,10,17,24,0,3,0,0,0,0,0,0,1964-01-01
946530-99999,64,47,74,54,1017,1017,16,10,16,24,0,3,0,0,0,0,0,0,1965-01-01
946530-99999,62,47,71,53,1017,1017,16,8,14,24,0,3,0,0,0,0,0,0,1966-01-01
946530-99999,63,46,73,53,1017,1017,17,9,15,24,0,3,0,0,0,0,0,0,1967-01-01
946530-99999,63,49,72,54,1017,1014,17,9,15,24,0,3,0,0,0,0,0,0,1968-01-01
946530-99999,62,48,72,52,1017,1017,17,8,14,24,0,3,0,0,0,0,0,0,1969-01-01
946530-99999,63,45,72,52,1017,1015,18,9,16,24,0,3,0,0,0,0,0,0,1970-01-01
946530-99999,62,48,71,53,1017,1013,18,8,15,24,0,3,0,0,0,0,0,0,1971-01-01
946530-99999,63,47,73,52,1017,1017,18,8,15,24,0,3,0,0,0,0,0,0,1972-01-01
946530-99999,63,50,73,54,1017,1015,21,8,14,24,0,3,0,0,0,0,0,0,1973-01-01
946530-99999,63,50,72,53,1018,1014,25,7,13,24,0,3,0,0,0,0,0,0,1974-01-01
946530-99999,63,48,73,53,1017,1015,25,8,14,24,0,3,0,0,0,0,0,0,1975-01-01
946530-99999,62,48,72,51,1017,1016,26,6,13,24,0,3,0,0,0,0,0,0,1976-01-01
946530-99999,63,48,73,53,1018,1016,25,8,14,24,0,3,0,0,0,0,0,0,1977-01-01
946530-99999,62,48,71,52,1019,1015,25,8,14,24,0,3,0,0,0,0,0,0,1978-01-01
946530-99999,63,49,73,53,1018,1015,26,6,13,24,0,3,0,0,0,0,0,0,1979-01-01
946530-99999,62,48,72,50,1017,1010,25,8,13,24,0,3,0,0,0,0,0,0,1980-01-01
946530-99999,63,48,73,51,1018,1014,23,10,16,24,0,3,0,0,0,0,0,0,1981-01-01
946530-99999,63,47,73,53,1020,1019,23,9,15,24,0,3,0,0,0,0,0,0,1982-01-01
946530-99999,61,49,70,54,1018,1021,23,8,13,24,0,3,0,0,0,0,0,0,1983-01-01
946530-99999,61,47,70,54,1018,1020,22,8,14,24,0,3,0,0,0,0,0,0,1984-01-01
946530-99999,62,47,72,55,1018,1019,22,8,13,24,0,3,0,0,0,0,0,0,1985-01-01
946530-99999,61,47,70,54,1018,1018,22,8,13,24,0,3,0,0,0,0,0,0,1986-01-01
946530-99999,62,46,71,54,1019,1017,22,8,14,24,0,3,0,0,0,0,0,0,1987-01-01
946530-99999,63,47,72,56,1017,1015,22,9,15,24,0,3,0,0,0,0,0,0,1988-01-01
946530-99999,63,48,71,54,1017,1015,19,8,15,24,0,3,0,0,0,0,0,0,1989-01-01
946530-99999,63,48,72,54,1018,1016,21,9,15,24,0,3,0,0,0,0,0,0,1990-01-01
946530-99999,63,47,74,53,1017,1015,21,10,16,24,0,3,0,0,0,0,0,0,1991-01-01
946530-99999,61,48,72,52,1017,1016,22,10,16,24,0,3,0,0,0,0,0,0,1992-01-01
946530-99999,62,47,74,52,1019,1017,22,10,16,24,0,3,0,0,0,0,0,0,1993-01-01
946530-99999,62,45,76,52,1019,1018,22,10,16,24,0,3,0,0,0,0,0,0,1994-01-01
946530-99999,62,47,74,53,1018,1016,18,10,16,24,0,3,0,0,0,0,0,0,1995-01-01
946530-99999,62,46,74,52,1017,1015,19,10,17,24,0,3,0,0,0,0,0,0,1996-01-01
946530-99999,62,47,74,52,1019,1017,18,10,16,24,0,3,0,0,0,0,0,0,1997-01-01
946530-99999,62,46,74,49,1018,1016,19,10,16,24,0,3,0,0,0,0,0,0,1998-01-01
946530-99999,62,47,75,50,1018,1016,21,11,17,24,0,3,0,0,0,0,0,0,1999-01-01
946530-99999,63,48,75,50,1017,1015,21,11,17,24,0,3,0,0,0,0,0,0,2000-01-01
